{
  "grid": "LV_rural2",
  "model": "ResidualGraphSAGE",
  "seed": 123,
  "experiment_tag": "_d16",
  "metrics": {
    "mae_vm": 0.0011501119006425142,
    "mae_va": 0.11103501915931702,
    "rmse_vm": 0.00148146809078753,
    "rmse_va": 0.14131326973438263,
    "max_ae_vm": 0.006885349750518799,
    "max_ae_va": 0.524591326713562
  },
  "gnn_time_ms": 2.1860834676772356,
  "nr_time_ms": 7.631645479705185,
  "speedup": 3.4910128513134886,
  "num_epochs": 196,
  "best_epoch": 171,
  "best_val_loss": 0.24157935758431753,
  "train_time_s": 611.9183781147003
}