{
  "grid": "LV_rural2",
  "model": "JKGraphSAGE",
  "seed": 456,
  "experiment_tag": "_d8",
  "metrics": {
    "mae_vm": 0.0011223206529393792,
    "mae_va": 0.10639794915914536,
    "rmse_vm": 0.0014667367795482278,
    "rmse_va": 0.13226988911628723,
    "max_ae_vm": 0.007081806659698486,
    "max_ae_va": 0.5086979269981384
  },
  "gnn_time_ms": 1.2352705234661698,
  "nr_time_ms": 7.764770503854379,
  "speedup": 6.285886659115307,
  "num_epochs": 189,
  "best_epoch": 164,
  "best_val_loss": 0.21538162569204966,
  "train_time_s": 326.7653031349182
}