{
  "grid": "LV_rural2",
  "model": "ResidualGraphSAGE",
  "seed": 456,
  "experiment_tag": "_d8",
  "metrics": {
    "mae_vm": 0.0010784829501062632,
    "mae_va": 0.10634389519691467,
    "rmse_vm": 0.0013929707929491997,
    "rmse_va": 0.13217468559741974,
    "max_ae_vm": 0.006844878196716309,
    "max_ae_va": 0.5041424036026001
  },
  "gnn_time_ms": 1.1116040113847703,
  "nr_time_ms": 7.033833506284282,
  "speedup": 6.327643148320371,
  "num_epochs": 185,
  "best_epoch": 160,
  "best_val_loss": 0.21306018074353536,
  "train_time_s": 282.52786588668823
}