{
  "grid": "LV_rural2",
  "model": "ResidualGraphSAGE",
  "seed": 123,
  "experiment_tag": "_d8",
  "metrics": {
    "mae_vm": 0.0012305888812988997,
    "mae_va": 0.11456651985645294,
    "rmse_vm": 0.0016477497993037105,
    "rmse_va": 0.14527951180934906,
    "max_ae_vm": 0.010045945644378662,
    "max_ae_va": 0.5569180250167847
  },
  "gnn_time_ms": 1.1458749941084534,
  "nr_time_ms": 7.451187499100342,
  "speedup": 6.502618119263288,
  "num_epochs": 200,
  "best_epoch": 175,
  "best_val_loss": 0.26375242014726,
  "train_time_s": 270.82358384132385
}