{
  "grid": "LV_rural2",
  "model": "JKGraphSAGE",
  "seed": 456,
  "experiment_tag": "_d32",
  "metrics": {
    "mae_vm": 0.0013541097287088633,
    "mae_va": 0.11268866062164307,
    "rmse_vm": 0.0017321460181847215,
    "rmse_va": 0.13917291164398193,
    "max_ae_vm": 0.007443130016326904,
    "max_ae_va": 0.5184138417243958
  },
  "gnn_time_ms": 5.69864601129666,
  "nr_time_ms": 7.962208066601306,
  "speedup": 1.3972105041824838,
  "num_epochs": 198,
  "best_epoch": 173,
  "best_val_loss": 0.23744298934936522,
  "train_time_s": 1312.291443824768
}