{
  "grid": "LV_rural2",
  "model": "JKGraphSAGE",
  "seed": 42,
  "experiment_tag": "_d32",
  "metrics": {
    "mae_vm": 0.0013948003761470318,
    "mae_va": 0.12175676971673965,
    "rmse_vm": 0.0017999500269070268,
    "rmse_va": 0.15304215252399445,
    "max_ae_vm": 0.008694589138031006,
    "max_ae_va": 0.5406060218811035
  },
  "gnn_time_ms": 4.7982914838939905,
  "nr_time_ms": 7.612437475472689,
  "speedup": 1.5864891703692239,
  "num_epochs": 179,
  "best_epoch": 154,
  "best_val_loss": 0.26786892851193744,
  "train_time_s": 1350.793426990509
}