{
  "grid": "LV_rural2",
  "model": "JKGraphSAGE",
  "seed": 123,
  "experiment_tag": "_d8",
  "metrics": {
    "mae_vm": 0.0011973188957199454,
    "mae_va": 0.11445748805999756,
    "rmse_vm": 0.0015661632642149925,
    "rmse_va": 0.1453481912612915,
    "max_ae_vm": 0.009127259254455566,
    "max_ae_va": 0.5280381441116333
  },
  "gnn_time_ms": 1.2231875152792782,
  "nr_time_ms": 7.841542013920844,
  "speedup": 6.410743991390775,
  "num_epochs": 191,
  "best_epoch": 166,
  "best_val_loss": 0.26048863152662916,
  "train_time_s": 316.87784719467163
}