{
  "grid": "LV_rural2",
  "model": "DropEdgeGraphSAGE",
  "seed": 123,
  "experiment_tag": "_d4",
  "metrics": {
    "mae_vm": 0.0015484855975955725,
    "mae_va": 0.12222518771886826,
    "rmse_vm": 0.002214520936831832,
    "rmse_va": 0.15567998588085175,
    "max_ae_vm": 0.018260836601257324,
    "max_ae_va": 0.5836802124977112
  },
  "gnn_time_ms": 0.5733954894822091,
  "nr_time_ms": 7.505312474677339,
  "speedup": 13.089242263581163,
  "num_epochs": 200,
  "best_epoch": 175,
  "best_val_loss": 0.31947609027226764,
  "train_time_s": 150.12845015525818
}