{
  "grid": "LV_rural2",
  "model": "JKGraphSAGE",
  "seed": 456,
  "experiment_tag": "_d4",
  "metrics": {
    "mae_vm": 0.0012375760124996305,
    "mae_va": 0.11247247457504272,
    "rmse_vm": 0.0016387265641242266,
    "rmse_va": 0.1393355131149292,
    "max_ae_vm": 0.014239251613616943,
    "max_ae_va": 0.5583224892616272
  },
  "gnn_time_ms": 0.6527290097437799,
  "nr_time_ms": 7.81035449472256,
  "speedup": 11.965692313550475,
  "num_epochs": 200,
  "best_epoch": 185,
  "best_val_loss": 0.23752561410268147,
  "train_time_s": 164.13081288337708
}