{
  "grid": "LV_rural2",
  "model": "DropEdgeGraphSAGE",
  "seed": 42,
  "experiment_tag": "_d8",
  "metrics": {
    "mae_vm": 0.0012507591163739562,
    "mae_va": 0.12065380811691284,
    "rmse_vm": 0.0016196401556953788,
    "rmse_va": 0.15081895887851715,
    "max_ae_vm": 0.00811922550201416,
    "max_ae_va": 0.5547563433647156
  },
  "gnn_time_ms": 1.1561250139493495,
  "nr_time_ms": 7.418770459480584,
  "speedup": 6.416927555384252,
  "num_epochs": 200,
  "best_epoch": 177,
  "best_val_loss": 0.2566854186852773,
  "train_time_s": 264.97837114334106
}