{
  "grid": "LV_rural2",
  "model": "JKGraphSAGE",
  "seed": 123,
  "experiment_tag": "_d32",
  "metrics": {
    "mae_vm": 0.0013557557249441743,
    "mae_va": 0.11978203058242798,
    "rmse_vm": 0.0017739421455189586,
    "rmse_va": 0.1524883359670639,
    "max_ae_vm": 0.008214056491851807,
    "max_ae_va": 0.5263285040855408
  },
  "gnn_time_ms": 5.176083010155708,
  "nr_time_ms": 7.738958462141454,
  "speedup": 1.4951380120753994,
  "num_epochs": 200,
  "best_epoch": 179,
  "best_val_loss": 0.2853072901566823,
  "train_time_s": 1286.6819252967834
}