{
  "grid": "MV_rural",
  "model": "JKGraphSAGE",
  "seed": 123,
  "experiment_tag": "_d16",
  "metrics": {
    "mae_vm": 0.0007227837922982872,
    "mae_va": 0.09175769239664078,
    "rmse_vm": 0.0009512274409644306,
    "rmse_va": 0.11703142523765564,
    "max_ae_vm": 0.005564093589782715,
    "max_ae_va": 0.461117148399353
  },
  "gnn_time_ms": 3.037479502381757,
  "nr_time_ms": 10.836645495146513,
  "speedup": 3.5676439912266904,
  "num_epochs": 182,
  "best_epoch": 157,
  "best_val_loss": 0.09269104739030203,
  "train_time_s": 725.5144402980804
}