{
  "grid": "MV_rural",
  "model": "DropEdgeGraphSAGE",
  "seed": 42,
  "experiment_tag": "_d8",
  "metrics": {
    "mae_vm": 0.0007777781574986875,
    "mae_va": 0.09757092595100403,
    "rmse_vm": 0.0010470282286405563,
    "rmse_va": 0.1209244579076767,
    "max_ae_vm": 0.00564420223236084,
    "max_ae_va": 0.42412400245666504
  },
  "gnn_time_ms": 1.3348749780561775,
  "nr_time_ms": 9.196812025038525,
  "speedup": 6.889642982469241,
  "num_epochs": 200,
  "best_epoch": 188,
  "best_val_loss": 0.09715105414390564,
  "train_time_s": 6878.519695043564
}