{
  "grid": "MV_rural",
  "model": "ResidualGraphSAGE",
  "seed": 42,
  "experiment_tag": "_d16",
  "metrics": {
    "mae_vm": 0.0007544686086475849,
    "mae_va": 0.08520543575286865,
    "rmse_vm": 0.0010219786781817675,
    "rmse_va": 0.10771270096302032,
    "max_ae_vm": 0.005441784858703613,
    "max_ae_va": 0.41543543338775635
  },
  "gnn_time_ms": 2.2295000089798123,
  "nr_time_ms": 7.792541495291516,
  "speedup": 3.4951968889460887,
  "num_epochs": 200,
  "best_epoch": 182,
  "best_val_loss": 0.08118271827697754,
  "train_time_s": 480.76663994789124
}