{
  "grid": "MV_rural",
  "model": "ResidualGraphSAGE",
  "seed": 456,
  "experiment_tag": "_d8",
  "metrics": {
    "mae_vm": 0.0006514227716252208,
    "mae_va": 0.0865744799375534,
    "rmse_vm": 0.0008695124415680766,
    "rmse_va": 0.10902024805545807,
    "max_ae_vm": 0.005192279815673828,
    "max_ae_va": 0.42240333557128906
  },
  "gnn_time_ms": 1.161749503808096,
  "nr_time_ms": 7.106771023245528,
  "speedup": 6.117300674500191,
  "num_epochs": 192,
  "best_epoch": 167,
  "best_val_loss": 0.08132622758547466,
  "train_time_s": 273.1972858905792
}