{
  "grid": "MV_rural",
  "model": "JKGraphSAGE",
  "seed": 42,
  "experiment_tag": "_d16",
  "metrics": {
    "mae_vm": 0.0007241605781018734,
    "mae_va": 0.0929642766714096,
    "rmse_vm": 0.0009645010577514768,
    "rmse_va": 0.11543968319892883,
    "max_ae_vm": 0.005296587944030762,
    "max_ae_va": 0.44840848445892334
  },
  "gnn_time_ms": 2.8328539920039475,
  "nr_time_ms": 9.801353997318074,
  "speedup": 3.4598867520117556,
  "num_epochs": 200,
  "best_epoch": 180,
  "best_val_loss": 0.08931352068980535,
  "train_time_s": 689.1756391525269
}