{
  "grid": "MV_rural",
  "model": "DropEdgeGraphSAGE",
  "seed": 123,
  "experiment_tag": "_d8",
  "metrics": {
    "mae_vm": 0.0008093907963484526,
    "mae_va": 0.09390876442193985,
    "rmse_vm": 0.0010934141464531422,
    "rmse_va": 0.11899274587631226,
    "max_ae_vm": 0.0054743289947509766,
    "max_ae_va": 0.49915754795074463
  },
  "gnn_time_ms": 1.14020801265724,
  "nr_time_ms": 6.985499494476244,
  "speedup": 6.126513247522816,
  "num_epochs": 200,
  "best_epoch": 182,
  "best_val_loss": 0.09936341027418773,
  "train_time_s": 18638.683042049408
}