{
  "grid": "MV_rural",
  "model": "JKGraphSAGE",
  "seed": 456,
  "experiment_tag": "_d8",
  "metrics": {
    "mae_vm": 0.0006767868180759251,
    "mae_va": 0.08778707683086395,
    "rmse_vm": 0.0009003854356706142,
    "rmse_va": 0.11027626693248749,
    "max_ae_vm": 0.005350351333618164,
    "max_ae_va": 0.4266613721847534
  },
  "gnn_time_ms": 1.2220414937473834,
  "nr_time_ms": 7.582896010717377,
  "speedup": 6.205105186293199,
  "num_epochs": 200,
  "best_epoch": 195,
  "best_val_loss": 0.08476452728112539,
  "train_time_s": 296.89518785476685
}