{
  "grid": "MV_rural",
  "model": "JKGraphSAGE",
  "seed": 456,
  "experiment_tag": "_d16",
  "metrics": {
    "mae_vm": 0.0007288203341886401,
    "mae_va": 0.09273691475391388,
    "rmse_vm": 0.0009661794756539166,
    "rmse_va": 0.11633274704217911,
    "max_ae_vm": 0.0060814619064331055,
    "max_ae_va": 0.42329275608062744
  },
  "gnn_time_ms": 2.833624486811459,
  "nr_time_ms": 9.697937493911013,
  "speedup": 3.422449777325165,
  "num_epochs": 195,
  "best_epoch": 170,
  "best_val_loss": 0.09573783328135808,
  "train_time_s": 728.3614399433136
}