{
  "grid": "MV_rural",
  "model": "JKGraphSAGE",
  "seed": 123,
  "experiment_tag": "_d8",
  "metrics": {
    "mae_vm": 0.0007119413930922747,
    "mae_va": 0.08825666457414627,
    "rmse_vm": 0.0009356779046356678,
    "rmse_va": 0.11247854679822922,
    "max_ae_vm": 0.005155086517333984,
    "max_ae_va": 0.42899882793426514
  },
  "gnn_time_ms": 1.2265624827705324,
  "nr_time_ms": 7.167478994233534,
  "speedup": 5.84354983534454,
  "num_epochs": 200,
  "best_epoch": 192,
  "best_val_loss": 0.08670470625162124,
  "train_time_s": 298.5819728374481
}