{
  "grid": "MV_rural",
  "model": "JKGraphSAGE",
  "seed": 456,
  "experiment_tag": "_d4",
  "metrics": {
    "mae_vm": 0.0007426869706250727,
    "mae_va": 0.09544972330331802,
    "rmse_vm": 0.0010083933593705297,
    "rmse_va": 0.1191294863820076,
    "max_ae_vm": 0.006133913993835449,
    "max_ae_va": 0.39794135093688965
  },
  "gnn_time_ms": 0.6190625135786831,
  "nr_time_ms": 7.456395484041423,
  "speedup": 12.044656751928674,
  "num_epochs": 200,
  "best_epoch": 183,
  "best_val_loss": 0.1025897765159607,
  "train_time_s": 166.48544478416443
}