{
  "grid": "MV_rural",
  "model": "JKGraphSAGE",
  "seed": 123,
  "experiment_tag": "_d4",
  "metrics": {
    "mae_vm": 0.0007411769474856555,
    "mae_va": 0.09418722242116928,
    "rmse_vm": 0.0010065651731565595,
    "rmse_va": 0.11920510977506638,
    "max_ae_vm": 0.005939483642578125,
    "max_ae_va": 0.49384987354278564
  },
  "gnn_time_ms": 0.5761664942838252,
  "nr_time_ms": 7.605979015352204,
  "speedup": 13.20100889380323,
  "num_epochs": 200,
  "best_epoch": 182,
  "best_val_loss": 0.09836272319157918,
  "train_time_s": 168.9122178554535
}