{
  "grid": "LV_rural3",
  "model": "GraphSAGE",
  "seed": 42,
  "experiment_tag": "_pi1000.0",
  "metrics": {
    "mae_vm": 0.001148916082456708,
    "mae_va": 0.0779278427362442,
    "rmse_vm": 0.0015543455956503749,
    "rmse_va": 0.09697413444519043,
    "max_ae_vm": 0.011464357376098633,
    "max_ae_va": 0.35045021772384644
  },
  "gnn_time_ms": 0.368167064152658,
  "nr_time_ms": 8.676270546857268,
  "speedup": 23.566123620606408,
  "num_epochs": 157,
  "best_epoch": 132,
  "best_val_loss": 0.18616360267003376,
  "train_time_s": 242.32830619812012
}