{
  "grid": "LV_rural1",
  "model": "GraphSAGE",
  "seed": 42,
  "experiment_tag": "_pi100.0",
  "metrics": {
    "mae_vm": 0.0007518368074670434,
    "mae_va": 0.0937851294875145,
    "rmse_vm": 0.0009482283494435251,
    "rmse_va": 0.11842796206474304,
    "max_ae_vm": 0.002793550491333008,
    "max_ae_va": 0.34652554988861084
  },
  "gnn_time_ms": 0.24904153542593122,
  "nr_time_ms": 8.46149999415502,
  "speedup": 33.97626014344743,
  "num_epochs": 193,
  "best_epoch": 168,
  "best_val_loss": 0.18700839579105377,
  "train_time_s": 16.48983907699585
}