{
  "grid": "LV_rural1",
  "model": "GraphSAGE",
  "seed": 42,
  "experiment_tag": "_pi10.0",
  "metrics": {
    "mae_vm": 0.0007426304509863257,
    "mae_va": 0.09382698684930801,
    "rmse_vm": 0.000935304444283247,
    "rmse_va": 0.11801976710557938,
    "max_ae_vm": 0.002638578414916992,
    "max_ae_va": 0.3610718250274658
  },
  "gnn_time_ms": 0.2526664757169783,
  "nr_time_ms": 10.330728953704238,
  "speedup": 40.88682095394442,
  "num_epochs": 200,
  "best_epoch": 186,
  "best_val_loss": 0.18308834731578827,
  "train_time_s": 13.414803266525269
}