{
  "grid": "LV_rural2",
  "model": "GraphSAGE",
  "seed": 42,
  "experiment_tag": "_pi10.0",
  "metrics": {
    "mae_vm": 0.0014182570157572627,
    "mae_va": 0.120944544672966,
    "rmse_vm": 0.001975980121642351,
    "rmse_va": 0.15135756134986877,
    "max_ae_vm": 0.016501009464263916,
    "max_ae_va": 0.5323617458343506
  },
  "gnn_time_ms": 0.3491039969958365,
  "nr_time_ms": 8.670020499266684,
  "speedup": 24.835065120638205,
  "num_epochs": 192,
  "best_epoch": 167,
  "best_val_loss": 0.2725516903400421,
  "train_time_s": 378.36527395248413
}