{
  "grid": "LV_rural2",
  "model": "GraphSAGE",
  "seed": 42,
  "experiment_tag": "_pi1000.0",
  "metrics": {
    "mae_vm": 0.0013755206018686295,
    "mae_va": 0.12140826135873795,
    "rmse_vm": 0.001879389863461256,
    "rmse_va": 0.15193380415439606,
    "max_ae_vm": 0.01412057876586914,
    "max_ae_va": 0.5477464199066162
  },
  "gnn_time_ms": 0.34004205372184515,
  "nr_time_ms": 8.018791442736983,
  "speedup": 23.581763946456945,
  "num_epochs": 192,
  "best_epoch": 167,
  "best_val_loss": 0.2699390765031179,
  "train_time_s": 348.25031781196594
}