{
  "grid": "LV_rural3",
  "model": "GraphSAGE",
  "seed": 123,
  "experiment_tag": "_pi100.0",
  "metrics": {
    "mae_vm": 0.0010996059281751513,
    "mae_va": 0.07778467983007431,
    "rmse_vm": 0.0014932203339412808,
    "rmse_va": 0.09774162620306015,
    "max_ae_vm": 0.009763062000274658,
    "max_ae_va": 0.36076974868774414
  },
  "gnn_time_ms": 0.38218742702156305,
  "nr_time_ms": 12.441479542758316,
  "speedup": 32.55334598449877,
  "num_epochs": 189,
  "best_epoch": 164,
  "best_val_loss": 0.2004465041557948,
  "train_time_s": 530.527606010437
}