{
  "grid": "LV_rural2",
  "model": "GraphSAGE",
  "seed": 42,
  "experiment_tag": "_pi100.0",
  "metrics": {
    "mae_vm": 0.0014080837136134505,
    "mae_va": 0.12099726498126984,
    "rmse_vm": 0.001957707107067108,
    "rmse_va": 0.15148183703422546,
    "max_ae_vm": 0.016273915767669678,
    "max_ae_va": 0.5486243963241577
  },
  "gnn_time_ms": 0.3375414526090026,
  "nr_time_ms": 8.394583011977375,
  "speedup": 24.869783983839746,
  "num_epochs": 192,
  "best_epoch": 167,
  "best_val_loss": 0.2720541441440582,
  "train_time_s": 458.2854537963867
}