{
  "grid": "LV_rural1",
  "model": "GraphSAGE",
  "seed": 123,
  "experiment_tag": "_pi100.0",
  "metrics": {
    "mae_vm": 0.0006652658339589834,
    "mae_va": 0.0839921310544014,
    "rmse_vm": 0.0008942308486439288,
    "rmse_va": 0.11349739879369736,
    "max_ae_vm": 0.0035064220428466797,
    "max_ae_va": 0.42465806007385254
  },
  "gnn_time_ms": 0.25029201060533524,
  "nr_time_ms": 9.179750049952418,
  "speedup": 36.67616088804051,
  "num_epochs": 192,
  "best_epoch": 167,
  "best_val_loss": 0.10327451358238857,
  "train_time_s": 205.6745958328247
}