{
  "grid": "LV_rural2",
  "model": "GraphSAGE",
  "seed": 123,
  "experiment_tag": "_pi1000.0",
  "metrics": {
    "mae_vm": 0.0013432230334728956,
    "mae_va": 0.1184307411313057,
    "rmse_vm": 0.0018469765782356262,
    "rmse_va": 0.15110789239406586,
    "max_ae_vm": 0.01623290777206421,
    "max_ae_va": 0.6342635154724121
  },
  "gnn_time_ms": 0.3391669597476721,
  "nr_time_ms": 8.745749481022358,
  "speedup": 25.78597127364316,
  "num_epochs": 200,
  "best_epoch": 187,
  "best_val_loss": 0.29118285576502484,
  "train_time_s": 290.2174189090729
}