{
  "grid": "LV_rural2",
  "model": "GraphSAGE",
  "seed": 456,
  "experiment_tag": "_pi10.0",
  "metrics": {
    "mae_vm": 0.0013189901364967227,
    "mae_va": 0.11126551777124405,
    "rmse_vm": 0.0018361042020842433,
    "rmse_va": 0.13783593475818634,
    "max_ae_vm": 0.017966091632843018,
    "max_ae_va": 0.5351313948631287
  },
  "gnn_time_ms": 0.34020846942439675,
  "nr_time_ms": 10.178146010730416,
  "speedup": 29.917379858152728,
  "num_epochs": 200,
  "best_epoch": 179,
  "best_val_loss": 0.2405901285012563,
  "train_time_s": 438.47617197036743
}