{
  "grid": "LV_rural1",
  "model": "GraphSAGE",
  "seed": 456,
  "experiment_tag": "_pi100.0",
  "metrics": {
    "mae_vm": 0.0006565023795701563,
    "mae_va": 0.08149988949298859,
    "rmse_vm": 0.0008817990310490131,
    "rmse_va": 0.10895538330078125,
    "max_ae_vm": 0.003997206687927246,
    "max_ae_va": 0.49712854623794556
  },
  "gnn_time_ms": 0.29122899286448956,
  "nr_time_ms": 23.61774956807494,
  "speedup": 81.09683495373831,
  "num_epochs": 153,
  "best_epoch": 128,
  "best_val_loss": 0.09637801150480906,
  "train_time_s": 120.60235333442688
}