{
  "grid": "LV_rural3",
  "model": "GraphSAGE",
  "seed": 456,
  "experiment_tag": "_pi1000.0",
  "metrics": {
    "mae_vm": 0.0010881287744268775,
    "mae_va": 0.07709578424692154,
    "rmse_vm": 0.0014779414050281048,
    "rmse_va": 0.096807099878788,
    "max_ae_vm": 0.010426163673400879,
    "max_ae_va": 0.392040491104126
  },
  "gnn_time_ms": 0.3765624715015292,
  "nr_time_ms": 8.5920415003784,
  "speedup": 22.817041395861743,
  "num_epochs": 172,
  "best_epoch": 147,
  "best_val_loss": 0.17890181918938955,
  "train_time_s": 329.33644795417786
}