{
  "grid": "LV_rural3",
  "model": "GraphSAGE",
  "seed": 42,
  "experiment_tag": "_pi10.0",
  "metrics": {
    "mae_vm": 0.0011529882904142141,
    "mae_va": 0.0778975635766983,
    "rmse_vm": 0.0015563864726573229,
    "rmse_va": 0.09696818143129349,
    "max_ae_vm": 0.011379778385162354,
    "max_ae_va": 0.3533281683921814
  },
  "gnn_time_ms": 0.6836459506303072,
  "nr_time_ms": 11.697167006786913,
  "speedup": 17.109977753839352,
  "num_epochs": 157,
  "best_epoch": 132,
  "best_val_loss": 0.18611979762713116,
  "train_time_s": 537.5697700977325
}