{
  "grid": "LV_rural2",
  "model": "GraphSAGE",
  "seed": 123,
  "experiment_tag": "_pi10.0",
  "metrics": {
    "mae_vm": 0.001377274515107274,
    "mae_va": 0.11815301328897476,
    "rmse_vm": 0.001916883047670126,
    "rmse_va": 0.15054002404212952,
    "max_ae_vm": 0.016365528106689453,
    "max_ae_va": 0.6335902214050293
  },
  "gnn_time_ms": 0.3431040095165372,
  "nr_time_ms": 8.750792010687292,
  "speedup": 25.5047792155443,
  "num_epochs": 200,
  "best_epoch": 187,
  "best_val_loss": 0.29286520441373187,
  "train_time_s": 348.7023491859436
}