{
  "grid": "LV_rural2",
  "model": "GraphSAGE",
  "seed": 123,
  "experiment_tag": "_pi100.0",
  "metrics": {
    "mae_vm": 0.0013691693311557174,
    "mae_va": 0.11805686354637146,
    "rmse_vm": 0.0019047801615670323,
    "rmse_va": 0.15055139362812042,
    "max_ae_vm": 0.017789125442504883,
    "max_ae_va": 0.6466819047927856
  },
  "gnn_time_ms": 0.3425204777158797,
  "nr_time_ms": 11.287562025245279,
  "speedup": 32.954415165239546,
  "num_epochs": 200,
  "best_epoch": 187,
  "best_val_loss": 0.2926119414965312,
  "train_time_s": 590.6085069179535
}