{
  "grid": "LV_rural1",
  "model": "GraphSAGE",
  "seed": 456,
  "experiment_tag": "_pi10.0",
  "metrics": {
    "mae_vm": 0.0006575655424967408,
    "mae_va": 0.08161972463130951,
    "rmse_vm": 0.0008832340245135128,
    "rmse_va": 0.10903464257717133,
    "max_ae_vm": 0.0041304826736450195,
    "max_ae_va": 0.49297666549682617
  },
  "gnn_time_ms": 0.2523539587855339,
  "nr_time_ms": 8.737374970223755,
  "speedup": 34.62349079948185,
  "num_epochs": 153,
  "best_epoch": 128,
  "best_val_loss": 0.09621147096157073,
  "train_time_s": 84.99691009521484
}