{
  "grid": "LV_rural3",
  "model": "GraphSAGE",
  "seed": 456,
  "experiment_tag": "_pi10.0",
  "metrics": {
    "mae_vm": 0.0010825638892129064,
    "mae_va": 0.07682435214519501,
    "rmse_vm": 0.0014656434068456292,
    "rmse_va": 0.09649314731359482,
    "max_ae_vm": 0.010046899318695068,
    "max_ae_va": 0.3957536220550537
  },
  "gnn_time_ms": 0.4958960344083607,
  "nr_time_ms": 13.420812494587153,
  "speedup": 27.06376248924664,
  "num_epochs": 172,
  "best_epoch": 147,
  "best_val_loss": 0.17741315464178722,
  "train_time_s": 509.9202868938446
}