{
  "grid": "LV_rural2",
  "model": "GraphSAGE",
  "seed": 456,
  "experiment_tag": "_pi100.0",
  "metrics": {
    "mae_vm": 0.0013087248662486672,
    "mae_va": 0.11122393608093262,
    "rmse_vm": 0.0018232229631394148,
    "rmse_va": 0.1378132402896881,
    "max_ae_vm": 0.017368078231811523,
    "max_ae_va": 0.5364855527877808
  },
  "gnn_time_ms": 0.46239548828452826,
  "nr_time_ms": 11.308396002277732,
  "speedup": 24.456112329796948,
  "num_epochs": 192,
  "best_epoch": 167,
  "best_val_loss": 0.23994436621665954,
  "train_time_s": 594.0116860866547
}