{
  "grid": "LV_rural3",
  "model": "GraphSAGE",
  "seed": 123,
  "experiment_tag": "_pi10.0",
  "metrics": {
    "mae_vm": 0.0011008940637111664,
    "mae_va": 0.07790248841047287,
    "rmse_vm": 0.0014940230175852776,
    "rmse_va": 0.09791072458028793,
    "max_ae_vm": 0.009963274002075195,
    "max_ae_va": 0.3655301332473755
  },
  "gnn_time_ms": 0.3902500029653311,
  "nr_time_ms": 9.389812010340393,
  "speedup": 24.06101714027293,
  "num_epochs": 189,
  "best_epoch": 164,
  "best_val_loss": 0.2009721092383067,
  "train_time_s": 407.5065379142761
}