{
  "grid": "LV_rural1",
  "model": "GraphSAGE",
  "seed": 42,
  "experiment_tag": "_pi1000.0",
  "metrics": {
    "mae_vm": 0.0007201136322692037,
    "mae_va": 0.09847865998744965,
    "rmse_vm": 0.0009157324093393981,
    "rmse_va": 0.12160497903823853,
    "max_ae_vm": 0.0028270483016967773,
    "max_ae_va": 0.35946762561798096
  },
  "gnn_time_ms": 0.24843751452863216,
  "nr_time_ms": 9.551041526719928,
  "speedup": 38.44444163290476,
  "num_epochs": 200,
  "best_epoch": 194,
  "best_val_loss": 0.19538642466068268,
  "train_time_s": 13.072153806686401
}