{
  "grid": "LV_rural3",
  "model": "GraphSAGE",
  "seed": 456,
  "experiment_tag": "_pi100.0",
  "metrics": {
    "mae_vm": 0.0010850238613784313,
    "mae_va": 0.07687649130821228,
    "rmse_vm": 0.0014730116818100214,
    "rmse_va": 0.09654486179351807,
    "max_ae_vm": 0.010377645492553711,
    "max_ae_va": 0.38600629568099976
  },
  "gnn_time_ms": 0.4089790163561702,
  "nr_time_ms": 48.72081248322502,
  "speedup": 119.12790274011323,
  "num_epochs": 182,
  "best_epoch": 157,
  "best_val_loss": 0.17818556110064188,
  "train_time_s": 618.6379058361053
}