{
  "grid": "LV_rural1",
  "model": "GraphSAGE",
  "seed": 123,
  "experiment_tag": "_pi10.0",
  "metrics": {
    "mae_vm": 0.0006630925345234573,
    "mae_va": 0.08322349935770035,
    "rmse_vm": 0.0008933497592806816,
    "rmse_va": 0.1129249557852745,
    "max_ae_vm": 0.0034753084182739258,
    "max_ae_va": 0.4318237900733948
  },
  "gnn_time_ms": 0.2525414456613362,
  "nr_time_ms": 8.429521520156413,
  "speedup": 33.37876481257098,
  "num_epochs": 192,
  "best_epoch": 167,
  "best_val_loss": 0.10216667513052623,
  "train_time_s": 151.62073493003845
}