{
  "grid": "LV_rural3",
  "model": "GraphSAGE",
  "seed": 123,
  "experiment_tag": "_pi1000.0",
  "metrics": {
    "mae_vm": 0.001105132163502276,
    "mae_va": 0.07814253866672516,
    "rmse_vm": 0.0015080461744219065,
    "rmse_va": 0.09820391982793808,
    "max_ae_vm": 0.00985485315322876,
    "max_ae_va": 0.3571521043777466
  },
  "gnn_time_ms": 0.394375529140234,
  "nr_time_ms": 12.758395983837545,
  "speedup": 32.35088143438244,
  "num_epochs": 178,
  "best_epoch": 153,
  "best_val_loss": 0.2026222163438797,
  "train_time_s": 319.36484575271606
}