{
  "grid": "LV_rural2",
  "model": "GraphSAGE",
  "seed": 456,
  "experiment_tag": "_pi1000.0",
  "metrics": {
    "mae_vm": 0.0013062467332929373,
    "mae_va": 0.11172424256801605,
    "rmse_vm": 0.0018122898181900382,
    "rmse_va": 0.13839423656463623,
    "max_ae_vm": 0.016606152057647705,
    "max_ae_va": 0.5302876234054565
  },
  "gnn_time_ms": 0.32941647805273533,
  "nr_time_ms": 7.894270529504865,
  "speedup": 23.96440693000517,
  "num_epochs": 194,
  "best_epoch": 169,
  "best_val_loss": 0.24019736727078755,
  "train_time_s": 254.0873520374298
}