{
  "grid": "LV_rural3",
  "model": "GraphSAGE",
  "seed": 42,
  "experiment_tag": "_pi100.0",
  "metrics": {
    "mae_vm": 0.0011501363478600979,
    "mae_va": 0.07788610458374023,
    "rmse_vm": 0.0015564304776489735,
    "rmse_va": 0.0969538763165474,
    "max_ae_vm": 0.011416614055633545,
    "max_ae_va": 0.3521779775619507
  },
  "gnn_time_ms": 0.3779999096877873,
  "nr_time_ms": 9.754103957675397,
  "speedup": 25.804513989783477,
  "num_epochs": 157,
  "best_epoch": 132,
  "best_val_loss": 0.18608368953069052,
  "train_time_s": 592.1930539608002
}