{
  "grid": "LV_rural1",
  "model": "GraphSAGE",
  "seed": 456,
  "experiment_tag": "_pi1000.0",
  "metrics": {
    "mae_vm": 0.0006601309287361801,
    "mae_va": 0.08590421825647354,
    "rmse_vm": 0.0008839990478008986,
    "rmse_va": 0.11256115138530731,
    "max_ae_vm": 0.004035353660583496,
    "max_ae_va": 0.49777716398239136
  },
  "gnn_time_ms": 0.2483749995008111,
  "nr_time_ms": 8.196332957595587,
  "speedup": 32.99983079645188,
  "num_epochs": 153,
  "best_epoch": 128,
  "best_val_loss": 0.10089388370513916,
  "train_time_s": 93.89788794517517
}