{
  "grid": "LV_rural1",
  "model": "GraphSAGE",
  "seed": 123,
  "experiment_tag": "_pi1000.0",
  "metrics": {
    "mae_vm": 0.0006753967027179897,
    "mae_va": 0.08997651189565659,
    "rmse_vm": 0.0009035856346599758,
    "rmse_va": 0.118370920419693,
    "max_ae_vm": 0.003321528434753418,
    "max_ae_va": 0.444480299949646
  },
  "gnn_time_ms": 0.2498124958947301,
  "nr_time_ms": 8.575146028306335,
  "speedup": 34.32632942396871,
  "num_epochs": 190,
  "best_epoch": 165,
  "best_val_loss": 0.10783451288938523,
  "train_time_s": 129.22587275505066
}