{
  "grid": "LV_semiurb5",
  "model": "GraphSAGE",
  "seed": 456,
  "experiment_tag": "_pi1000.0",
  "metrics": {
    "mae_vm": 0.0011471349280327559,
    "mae_va": 0.06927775591611862,
    "rmse_vm": 0.001603520940989256,
    "rmse_va": 0.08658186346292496,
    "max_ae_vm": 0.014155924320220947,
    "max_ae_va": 0.4378712773323059
  },
  "gnn_time_ms": 0.37306250305846334,
  "nr_time_ms": 10.069999960251153,
  "speedup": 26.992795785410426,
  "num_epochs": 142,
  "best_epoch": 117,
  "best_val_loss": 0.1194620821873347,
  "train_time_s": 255.67157316207886
}