{
  "grid": "LV_semiurb5",
  "model": "GraphSAGE",
  "seed": 123,
  "experiment_tag": "_pi10.0",
  "metrics": {
    "mae_vm": 0.0011786005925387144,
    "mae_va": 0.069503054022789,
    "rmse_vm": 0.0016316906549036503,
    "rmse_va": 0.0880841463804245,
    "max_ae_vm": 0.013857543468475342,
    "max_ae_va": 0.4118850827217102
  },
  "gnn_time_ms": 0.36695849848911166,
  "nr_time_ms": 11.190666584298015,
  "speedup": 30.495728073811218,
  "num_epochs": 148,
  "best_epoch": 123,
  "best_val_loss": 0.14302053292592368,
  "train_time_s": 431.0057809352875
}