{
  "grid": "LV_semiurb5",
  "model": "GraphSAGE",
  "seed": 456,
  "experiment_tag": "_pi100.0",
  "metrics": {
    "mae_vm": 0.0011229455703869462,
    "mae_va": 0.06892681866884232,
    "rmse_vm": 0.0015737880021333694,
    "rmse_va": 0.08647555112838745,
    "max_ae_vm": 0.014294207096099854,
    "max_ae_va": 0.4289180636405945
  },
  "gnn_time_ms": 0.41706202318891883,
  "nr_time_ms": 16.309021564666182,
  "speedup": 39.10454718452895,
  "num_epochs": 182,
  "best_epoch": 157,
  "best_val_loss": 0.11819422403971354,
  "train_time_s": 636.482629776001
}