{
  "grid": "LV_semiurb4",
  "model": "GraphSAGE",
  "seed": 456,
  "experiment_tag": "_pi10.0",
  "metrics": {
    "mae_vm": 0.000963278696872294,
    "mae_va": 0.052424389868974686,
    "rmse_vm": 0.0012320228852331638,
    "rmse_va": 0.06570427119731903,
    "max_ae_vm": 0.010456681251525879,
    "max_ae_va": 0.19402873516082764
  },
  "gnn_time_ms": 0.28737500542774796,
  "nr_time_ms": 10.800542018841952,
  "speedup": 37.5834425919043,
  "num_epochs": 95,
  "best_epoch": 70,
  "best_val_loss": 0.04006915152072907,
  "train_time_s": 243.57337188720703
}