{
  "grid": "LV_semiurb5",
  "model": "GraphSAGE",
  "seed": 42,
  "experiment_tag": "_pi100.0",
  "metrics": {
    "mae_vm": 0.0011522445129230618,
    "mae_va": 0.0692826434969902,
    "rmse_vm": 0.0016289683990180492,
    "rmse_va": 0.08669935911893845,
    "max_ae_vm": 0.0143585205078125,
    "max_ae_va": 0.38508254289627075
  },
  "gnn_time_ms": 0.3564165090210736,
  "nr_time_ms": 9.132145554758608,
  "speedup": 25.622117168031235,
  "num_epochs": 176,
  "best_epoch": 151,
  "best_val_loss": 0.13105039715766906,
  "train_time_s": 539.8014259338379
}