{
  "grid": "LV_semiurb4",
  "model": "GraphSAGE",
  "seed": 42,
  "experiment_tag": "_pi1000.0",
  "metrics": {
    "mae_vm": 0.0009873495437204838,
    "mae_va": 0.05070538446307182,
    "rmse_vm": 0.0012692899908870459,
    "rmse_va": 0.06260505318641663,
    "max_ae_vm": 0.007172942161560059,
    "max_ae_va": 0.21097123622894287
  },
  "gnn_time_ms": 0.2861875109374523,
  "nr_time_ms": 7.980416470672935,
  "speedup": 27.885271598791377,
  "num_epochs": 78,
  "best_epoch": 53,
  "best_val_loss": 0.03432467391093572,
  "train_time_s": 64.22044897079468
}