{
  "grid": "LV_semiurb5",
  "model": "GraphSAGE",
  "seed": 42,
  "experiment_tag": "_pi1000.0",
  "metrics": {
    "mae_vm": 0.0011584613239392638,
    "mae_va": 0.06984435766935349,
    "rmse_vm": 0.001643224386498332,
    "rmse_va": 0.08734362572431564,
    "max_ae_vm": 0.014441609382629395,
    "max_ae_va": 0.38786929845809937
  },
  "gnn_time_ms": 0.3538544988259673,
  "nr_time_ms": 8.840666501782835,
  "speedup": 24.983903076306092,
  "num_epochs": 176,
  "best_epoch": 151,
  "best_val_loss": 0.13320925096670785,
  "train_time_s": 307.63284516334534
}