{
  "grid": "LV_semiurb5",
  "model": "GraphSAGE",
  "seed": 123,
  "experiment_tag": "_pi1000.0",
  "metrics": {
    "mae_vm": 0.0011860684026032686,
    "mae_va": 0.07039147615432739,
    "rmse_vm": 0.0016387372743338346,
    "rmse_va": 0.0894157811999321,
    "max_ae_vm": 0.013530850410461426,
    "max_ae_va": 0.4238585829734802
  },
  "gnn_time_ms": 0.353458512108773,
  "nr_time_ms": 8.259646012447774,
  "speedup": 23.368077806840194,
  "num_epochs": 148,
  "best_epoch": 123,
  "best_val_loss": 0.1467414637406667,
  "train_time_s": 271.39754128456116
}