{
  "grid": "LV_semiurb4",
  "model": "GraphSAGE",
  "seed": 123,
  "experiment_tag": "_pi100.0",
  "metrics": {
    "mae_vm": 0.0009028780041262507,
    "mae_va": 0.053519122302532196,
    "rmse_vm": 0.0011581609724089503,
    "rmse_va": 0.06575311720371246,
    "max_ae_vm": 0.008517265319824219,
    "max_ae_va": 0.18615376949310303
  },
  "gnn_time_ms": 0.28454099083319306,
  "nr_time_ms": 8.294125029351562,
  "speedup": 29.149139479217745,
  "num_epochs": 91,
  "best_epoch": 66,
  "best_val_loss": 0.03377032202978929,
  "train_time_s": 139.3598120212555
}