{
  "grid": "LV_semiurb4",
  "model": "GraphSAGE",
  "seed": 123,
  "experiment_tag": "_pi1000.0",
  "metrics": {
    "mae_vm": 0.0009061145246960223,
    "mae_va": 0.053781915456056595,
    "rmse_vm": 0.0011601097648963332,
    "rmse_va": 0.0660066306591034,
    "max_ae_vm": 0.008816301822662354,
    "max_ae_va": 0.18415594100952148
  },
  "gnn_time_ms": 0.28060399927198887,
  "nr_time_ms": 8.472957997582853,
  "speedup": 30.195428502678013,
  "num_epochs": 91,
  "best_epoch": 66,
  "best_val_loss": 0.03393894677360853,
  "train_time_s": 79.72971320152283
}