{
  "grid": "LV_semiurb4",
  "model": "GraphSAGE",
  "seed": 456,
  "experiment_tag": "_pi1000.0",
  "metrics": {
    "mae_vm": 0.0010535340989008546,
    "mae_va": 0.05232536420226097,
    "rmse_vm": 0.001362821669317782,
    "rmse_va": 0.06461429595947266,
    "max_ae_vm": 0.010089397430419922,
    "max_ae_va": 0.19322144985198975
  },
  "gnn_time_ms": 0.2845004783011973,
  "nr_time_ms": 8.179521013516933,
  "speedup": 28.750464893269427,
  "num_epochs": 68,
  "best_epoch": 43,
  "best_val_loss": 0.041978903114795685,
  "train_time_s": 62.14273262023926
}