{
  "grid": "LV_semiurb4",
  "model": "GraphSAGE",
  "seed": 42,
  "experiment_tag": "_pi100.0",
  "metrics": {
    "mae_vm": 0.0009794948855414987,
    "mae_va": 0.05039342865347862,
    "rmse_vm": 0.0012573875719681382,
    "rmse_va": 0.06227259337902069,
    "max_ae_vm": 0.00730133056640625,
    "max_ae_va": 0.20831680297851562
  },
  "gnn_time_ms": 0.2960000419989228,
  "nr_time_ms": 13.108687533531338,
  "speedup": 44.28610024852308,
  "num_epochs": 78,
  "best_epoch": 53,
  "best_val_loss": 0.03396484742561976,
  "train_time_s": 108.72304201126099
}