{
  "grid": "LV_semiurb5",
  "model": "GraphSAGE",
  "seed": 456,
  "experiment_tag": "_pi10.0",
  "metrics": {
    "mae_vm": 0.0011568922782316804,
    "mae_va": 0.06884466111660004,
    "rmse_vm": 0.001625176053494215,
    "rmse_va": 0.08614750951528549,
    "max_ae_vm": 0.014569342136383057,
    "max_ae_va": 0.44085508584976196
  },
  "gnn_time_ms": 0.35539601230993867,
  "nr_time_ms": 9.825103974435478,
  "speedup": 27.645509893529887,
  "num_epochs": 142,
  "best_epoch": 117,
  "best_val_loss": 0.1193557475010554,
  "train_time_s": 294.490492105484
}