{
  "grid": "LV_semiurb4",
  "model": "GraphSAGE",
  "seed": 123,
  "experiment_tag": "_pi10.0",
  "metrics": {
    "mae_vm": 0.0008966026944108307,
    "mae_va": 0.053231045603752136,
    "rmse_vm": 0.001145983929745853,
    "rmse_va": 0.06536588817834854,
    "max_ae_vm": 0.008277475833892822,
    "max_ae_va": 0.1847531795501709
  },
  "gnn_time_ms": 0.2956875250674784,
  "nr_time_ms": 11.404624965507537,
  "speedup": 38.569854994406356,
  "num_epochs": 91,
  "best_epoch": 66,
  "best_val_loss": 0.03326347522437573,
  "train_time_s": 191.0032229423523
}