{
  "grid": "LV_semiurb5",
  "model": "GraphSAGE",
  "seed": 123,
  "experiment_tag": "_pi100.0",
  "metrics": {
    "mae_vm": 0.001189432223327458,
    "mae_va": 0.06966865062713623,
    "rmse_vm": 0.001646609976887703,
    "rmse_va": 0.08831073343753815,
    "max_ae_vm": 0.014128148555755615,
    "max_ae_va": 0.41431254148483276
  },
  "gnn_time_ms": 0.3984379582107067,
  "nr_time_ms": 14.592520543374121,
  "speedup": 36.62432316666258,
  "num_epochs": 148,
  "best_epoch": 123,
  "best_val_loss": 0.14408187448978424,
  "train_time_s": 407.3562822341919
}