{
  "grid": "LV_urban6",
  "model": "GraphSAGE",
  "seed": 42,
  "experiment_tag": "_pi10.0",
  "metrics": {
    "mae_vm": 0.0006992077105678618,
    "mae_va": 0.0481531135737896,
    "rmse_vm": 0.0009117685840465128,
    "rmse_va": 0.06059828773140907,
    "max_ae_vm": 0.00429457426071167,
    "max_ae_va": 0.19405221939086914
  },
  "gnn_time_ms": 0.30664599034935236,
  "nr_time_ms": 10.064937523566186,
  "speedup": 32.822661441291025,
  "num_epochs": 76,
  "best_epoch": 51,
  "best_val_loss": 0.02762130064268907,
  "train_time_s": 90.56597709655762
}