{
  "grid": "LV_urban6",
  "model": "GraphSAGE",
  "seed": 123,
  "experiment_tag": "_pi100.0",
  "metrics": {
    "mae_vm": 0.000666772248223424,
    "mae_va": 0.04495129734277725,
    "rmse_vm": 0.0008637618739157915,
    "rmse_va": 0.05746152251958847,
    "max_ae_vm": 0.004134535789489746,
    "max_ae_va": 0.20228886604309082
  },
  "gnn_time_ms": 0.33958349376916885,
  "nr_time_ms": 12.707457994110882,
  "speedup": 37.42071751799794,
  "num_epochs": 78,
  "best_epoch": 53,
  "best_val_loss": 0.03057588408390681,
  "train_time_s": 148.29348301887512
}