{
  "grid": "LV_urban6",
  "model": "GraphSAGE",
  "seed": 456,
  "experiment_tag": "_pi10.0",
  "metrics": {
    "mae_vm": 0.0006770184845663607,
    "mae_va": 0.04791883006691933,
    "rmse_vm": 0.0008821522351354361,
    "rmse_va": 0.06043993681669235,
    "max_ae_vm": 0.004233062267303467,
    "max_ae_va": 0.21894371509552002
  },
  "gnn_time_ms": 0.3009794163517654,
  "nr_time_ms": 10.882499569561332,
  "speedup": 36.15695618481287,
  "num_epochs": 90,
  "best_epoch": 65,
  "best_val_loss": 0.03056753272811572,
  "train_time_s": 166.938570022583
}