{
  "grid": "LV_urban6",
  "model": "GraphSAGE",
  "seed": 123,
  "experiment_tag": "_pi10.0",
  "metrics": {
    "mae_vm": 0.0006685086409561336,
    "mae_va": 0.04542653635144234,
    "rmse_vm": 0.0008769984124228358,
    "rmse_va": 0.05861646309494972,
    "max_ae_vm": 0.004304945468902588,
    "max_ae_va": 0.20137476921081543
  },
  "gnn_time_ms": 0.3177920007146895,
  "nr_time_ms": 8.521041483618319,
  "speedup": 26.813266112599308,
  "num_epochs": 78,
  "best_epoch": 53,
  "best_val_loss": 0.031607279976209005,
  "train_time_s": 97.818932056427
}