{
  "grid": "LV_urban6",
  "model": "GraphSAGE",
  "seed": 42,
  "experiment_tag": "_pi1000.0",
  "metrics": {
    "mae_vm": 0.0007002936326898634,
    "mae_va": 0.048610620200634,
    "rmse_vm": 0.0009281905367970467,
    "rmse_va": 0.061359088867902756,
    "max_ae_vm": 0.004463911056518555,
    "max_ae_va": 0.1956648826599121
  },
  "gnn_time_ms": 0.29316649306565523,
  "nr_time_ms": 8.561562513932586,
  "speedup": 29.20375526003651,
  "num_epochs": 76,
  "best_epoch": 51,
  "best_val_loss": 0.02839946687221527,
  "train_time_s": 70.27562594413757
}