{
  "grid": "LV_urban6",
  "model": "GraphSAGE",
  "seed": 123,
  "experiment_tag": "_pi1000.0",
  "metrics": {
    "mae_vm": 0.0006601078785024583,
    "mae_va": 0.045305948704481125,
    "rmse_vm": 0.0008555522072128952,
    "rmse_va": 0.05794559419155121,
    "max_ae_vm": 0.0044286251068115234,
    "max_ae_va": 0.19660592079162598
  },
  "gnn_time_ms": 0.29827049002051353,
  "nr_time_ms": 8.172375033609569,
  "speedup": 27.399207454440145,
  "num_epochs": 78,
  "best_epoch": 53,
  "best_val_loss": 0.031242767026027043,
  "train_time_s": 67.95134902000427
}