{
  "grid": "LV_urban6",
  "model": "GraphSAGE",
  "seed": 42,
  "experiment_tag": "_pi100.0",
  "metrics": {
    "mae_vm": 0.0007010313565842807,
    "mae_va": 0.04817614704370499,
    "rmse_vm": 0.0009188024559989572,
    "rmse_va": 0.06068224459886551,
    "max_ae_vm": 0.0043732523918151855,
    "max_ae_va": 0.19363856315612793
  },
  "gnn_time_ms": 0.6517915171571076,
  "nr_time_ms": 18.16756249172613,
  "speedup": 27.873272378515825,
  "num_epochs": 76,
  "best_epoch": 51,
  "best_val_loss": 0.02777802218993505,
  "train_time_s": 218.3230471611023
}