{
  "grid": "LV_urban6",
  "model": "GraphSAGE",
  "seed": 456,
  "experiment_tag": "_pi1000.0",
  "metrics": {
    "mae_vm": 0.0006873076781630516,
    "mae_va": 0.0481678768992424,
    "rmse_vm": 0.0009065899648703635,
    "rmse_va": 0.060893330723047256,
    "max_ae_vm": 0.0042220354080200195,
    "max_ae_va": 0.21909081935882568
  },
  "gnn_time_ms": 0.2998755080625415,
  "nr_time_ms": 7.699145993683487,
  "speedup": 25.67447419573114,
  "num_epochs": 90,
  "best_epoch": 65,
  "best_val_loss": 0.0313250807672739,
  "train_time_s": 97.10276579856873
}