{
  "grid": "LV_urban6",
  "model": "GraphSAGE",
  "seed": 456,
  "experiment_tag": "_pi100.0",
  "metrics": {
    "mae_vm": 0.0006786496378481388,
    "mae_va": 0.047882258892059326,
    "rmse_vm": 0.0008861672831699252,
    "rmse_va": 0.06038002669811249,
    "max_ae_vm": 0.004217386245727539,
    "max_ae_va": 0.2192215919494629
  },
  "gnn_time_ms": 0.31689548632130027,
  "nr_time_ms": 13.136478490196168,
  "speedup": 41.45366234998089,
  "num_epochs": 90,
  "best_epoch": 65,
  "best_val_loss": 0.03054697431623936,
  "train_time_s": 187.74115991592407
}