{
  "grid": "MV_comm",
  "model": "GraphSAGE",
  "seed": 456,
  "experiment_tag": "_pi1000.0",
  "metrics": {
    "mae_vm": 0.0007318333955481648,
    "mae_va": 0.09833510965108871,
    "rmse_vm": 0.00094719318440184,
    "rmse_va": 0.12469173967838287,
    "max_ae_vm": 0.004978656768798828,
    "max_ae_va": 0.4138411283493042
  },
  "gnn_time_ms": 0.3617914626374841,
  "nr_time_ms": 10.86210401263088,
  "speedup": 30.023107603052356,
  "num_epochs": 74,
  "best_epoch": 49,
  "best_val_loss": 0.1056432256102562,
  "train_time_s": 171.9983298778534
}