{
  "grid": "MV_comm",
  "model": "GraphSAGE",
  "seed": 42,
  "experiment_tag": "_pi10.0",
  "metrics": {
    "mae_vm": 0.0007276136893779039,
    "mae_va": 0.09492821991443634,
    "rmse_vm": 0.0009453006787225604,
    "rmse_va": 0.12076724320650101,
    "max_ae_vm": 0.004187464714050293,
    "max_ae_va": 0.42810702323913574
  },
  "gnn_time_ms": 0.3807290340773761,
  "nr_time_ms": 8.345520473085344,
  "speedup": 21.919842528713666,
  "num_epochs": 93,
  "best_epoch": 68,
  "best_val_loss": 0.09947190552949906,
  "train_time_s": 184.92925381660461
}