{
  "grid": "MV_comm",
  "model": "GraphSAGE",
  "seed": 123,
  "experiment_tag": "_pi100.0",
  "metrics": {
    "mae_vm": 0.0007415344007313251,
    "mae_va": 0.10204930603504181,
    "rmse_vm": 0.0009483783505856991,
    "rmse_va": 0.12436830997467041,
    "max_ae_vm": 0.005035102367401123,
    "max_ae_va": 0.4062490463256836
  },
  "gnn_time_ms": 0.35733351251110435,
  "nr_time_ms": 11.723874951712787,
  "speedup": 32.80933509237665,
  "num_epochs": 87,
  "best_epoch": 62,
  "best_val_loss": 0.10361609816551208,
  "train_time_s": 254.90572595596313
}