{
  "grid": "MV_comm",
  "model": "GraphSAGE",
  "seed": 456,
  "experiment_tag": "_pi10.0",
  "metrics": {
    "mae_vm": 0.0006977397133596241,
    "mae_va": 0.09540469199419022,
    "rmse_vm": 0.0009047281928360462,
    "rmse_va": 0.12093410640954971,
    "max_ae_vm": 0.004861235618591309,
    "max_ae_va": 0.4020717144012451
  },
  "gnn_time_ms": 0.3599589690566063,
  "nr_time_ms": 8.863104041665792,
  "speedup": 24.622539799173616,
  "num_epochs": 101,
  "best_epoch": 76,
  "best_val_loss": 0.0990647558371226,
  "train_time_s": 197.07430291175842
}