{
  "grid": "MV_comm",
  "model": "GraphSAGE",
  "seed": 42,
  "experiment_tag": "_pi100.0",
  "metrics": {
    "mae_vm": 0.0007341360906139016,
    "mae_va": 0.09641838818788528,
    "rmse_vm": 0.0009543601772747934,
    "rmse_va": 0.12241993844509125,
    "max_ae_vm": 0.00418776273727417,
    "max_ae_va": 0.4290097951889038
  },
  "gnn_time_ms": 0.3673334722407162,
  "nr_time_ms": 13.354478520341218,
  "speedup": 36.3551909355811,
  "num_epochs": 93,
  "best_epoch": 68,
  "best_val_loss": 0.10199885269006094,
  "train_time_s": 443.2050278186798
}