{
  "grid": "MV_comm",
  "model": "GraphSAGE",
  "seed": 456,
  "experiment_tag": "_pi100.0",
  "metrics": {
    "mae_vm": 0.000699206197168678,
    "mae_va": 0.09540017694234848,
    "rmse_vm": 0.0009039452415890992,
    "rmse_va": 0.12092658132314682,
    "max_ae_vm": 0.004905283451080322,
    "max_ae_va": 0.39807403087615967
  },
  "gnn_time_ms": 0.3593335277400911,
  "nr_time_ms": 9.744707960635424,
  "speedup": 27.11883865088106,
  "num_epochs": 101,
  "best_epoch": 76,
  "best_val_loss": 0.0991343104839325,
  "train_time_s": 293.7909381389618
}