{
  "grid": "MV_comm",
  "model": "GraphSAGE",
  "seed": 123,
  "experiment_tag": "_pi1000.0",
  "metrics": {
    "mae_vm": 0.0007249363698065281,
    "mae_va": 0.10383792221546173,
    "rmse_vm": 0.000918873876798898,
    "rmse_va": 0.12741295993328094,
    "max_ae_vm": 0.004691958427429199,
    "max_ae_va": 0.3832075595855713
  },
  "gnn_time_ms": 0.497166533023119,
  "nr_time_ms": 13.125375029630959,
  "speedup": 26.400359150925812,
  "num_epochs": 88,
  "best_epoch": 63,
  "best_val_loss": 0.10627410978078843,
  "train_time_s": 200.4273500442505
}