{
  "grid": "MV_comm",
  "model": "GraphSAGE",
  "seed": 42,
  "experiment_tag": "_pi1000.0",
  "metrics": {
    "mae_vm": 0.0007152046309784055,
    "mae_va": 0.09990628063678741,
    "rmse_vm": 0.0009271259186789393,
    "rmse_va": 0.12868250906467438,
    "max_ae_vm": 0.004371821880340576,
    "max_ae_va": 0.4311709403991699
  },
  "gnn_time_ms": 0.3729590680450201,
  "nr_time_ms": 14.522000506985933,
  "speedup": 38.937250093173695,
  "num_epochs": 95,
  "best_epoch": 70,
  "best_val_loss": 0.10921423524618148,
  "train_time_s": 224.88001799583435
}