{
  "grid": "MV_comm",
  "model": "GraphSAGE",
  "seed": 123,
  "experiment_tag": "_pi10.0",
  "metrics": {
    "mae_vm": 0.0007461783825419843,
    "mae_va": 0.1017884612083435,
    "rmse_vm": 0.0009536952129565179,
    "rmse_va": 0.1241200640797615,
    "max_ae_vm": 0.005035102367401123,
    "max_ae_va": 0.38265371322631836
  },
  "gnn_time_ms": 0.35639601992443204,
  "nr_time_ms": 9.495916485320777,
  "speedup": 26.644283197478554,
  "num_epochs": 88,
  "best_epoch": 63,
  "best_val_loss": 0.10298064510027567,
  "train_time_s": 177.4489722251892
}