{
  "grid": "MV_rural",
  "model": "GraphSAGE",
  "seed": 42,
  "experiment_tag": "_pi1000.0",
  "metrics": {
    "mae_vm": 0.0007291751680895686,
    "mae_va": 0.1010775938630104,
    "rmse_vm": 0.0009975454304367304,
    "rmse_va": 0.12593083083629608,
    "max_ae_vm": 0.005904436111450195,
    "max_ae_va": 0.4381638765335083
  },
  "gnn_time_ms": 0.515041989274323,
  "nr_time_ms": 16.661353991366923,
  "speedup": 32.34950613413523,
  "num_epochs": 182,
  "best_epoch": 157,
  "best_val_loss": 0.10214216043551763,
  "train_time_s": 570.77556681633
}