{
  "grid": "MV_rural",
  "model": "GraphSAGE",
  "seed": 456,
  "experiment_tag": "_pi10.0",
  "metrics": {
    "mae_vm": 0.0007347550126723945,
    "mae_va": 0.09505079686641693,
    "rmse_vm": 0.0009836144745349884,
    "rmse_va": 0.11869103461503983,
    "max_ae_vm": 0.006319284439086914,
    "max_ae_va": 0.41355812549591064
  },
  "gnn_time_ms": 0.3607915132306516,
  "nr_time_ms": 9.794875513762236,
  "speedup": 27.148297990868862,
  "num_epochs": 124,
  "best_epoch": 99,
  "best_val_loss": 0.10119496136903763,
  "train_time_s": 249.73957514762878
}