{
  "grid": "MV_rural",
  "model": "GraphSAGE",
  "seed": 42,
  "experiment_tag": "_pi10.0",
  "metrics": {
    "mae_vm": 0.0007685280288569629,
    "mae_va": 0.09809085726737976,
    "rmse_vm": 0.0010293731465935707,
    "rmse_va": 0.121346615254879,
    "max_ae_vm": 0.00540471076965332,
    "max_ae_va": 0.44343578815460205
  },
  "gnn_time_ms": 0.3577499883249402,
  "nr_time_ms": 9.347333514597267,
  "speedup": 26.128116896281185,
  "num_epochs": 128,
  "best_epoch": 103,
  "best_val_loss": 0.09660915166139603,
  "train_time_s": 325.46710228919983
}