{
  "grid": "MV_rural",
  "model": "GraphSAGE",
  "seed": 456,
  "experiment_tag": "_pi100.0",
  "metrics": {
    "mae_vm": 0.0007273686351254582,
    "mae_va": 0.09439358860254288,
    "rmse_vm": 0.000978650525212288,
    "rmse_va": 0.11781272292137146,
    "max_ae_vm": 0.005993247032165527,
    "max_ae_va": 0.393807053565979
  },
  "gnn_time_ms": 0.3523329505696893,
  "nr_time_ms": 8.718625467736274,
  "speedup": 24.745416100421707,
  "num_epochs": 158,
  "best_epoch": 133,
  "best_val_loss": 0.10029547999302546,
  "train_time_s": 277.02363109588623
}