{
  "grid": "MV_rural",
  "model": "GraphSAGE",
  "seed": 42,
  "experiment_tag": "_pi100.0",
  "metrics": {
    "mae_vm": 0.0007431632257066667,
    "mae_va": 0.09882094711065292,
    "rmse_vm": 0.0010009523248299956,
    "rmse_va": 0.12208825349807739,
    "max_ae_vm": 0.005782365798950195,
    "max_ae_va": 0.42990660667419434
  },
  "gnn_time_ms": 0.34970801789313555,
  "nr_time_ms": 8.172312984243035,
  "speedup": 23.3689608647759,
  "num_epochs": 133,
  "best_epoch": 108,
  "best_val_loss": 0.09675630390644073,
  "train_time_s": 235.5144979953766
}