{
  "grid": "MV_rural",
  "model": "GraphSAGE",
  "seed": 456,
  "experiment_tag": "_pi1000.0",
  "metrics": {
    "mae_vm": 0.0007739079301245511,
    "mae_va": 0.099511057138443,
    "rmse_vm": 0.0010379970772191882,
    "rmse_va": 0.12474656105041504,
    "max_ae_vm": 0.006505370140075684,
    "max_ae_va": 0.39625489711761475
  },
  "gnn_time_ms": 0.46016654232516885,
  "nr_time_ms": 16.32606249768287,
  "speedup": 35.478595238995744,
  "num_epochs": 106,
  "best_epoch": 81,
  "best_val_loss": 0.11222256898880005,
  "train_time_s": 356.05892610549927
}