{
  "grid": "MV_rural",
  "model": "GraphSAGE",
  "seed": 123,
  "experiment_tag": "_pi1000.0",
  "metrics": {
    "mae_vm": 0.0007270755595527589,
    "mae_va": 0.09655142575502396,
    "rmse_vm": 0.0009878362761810422,
    "rmse_va": 0.12322773039340973,
    "max_ae_vm": 0.00580596923828125,
    "max_ae_va": 0.5125272274017334
  },
  "gnn_time_ms": 0.3756245132535696,
  "nr_time_ms": 13.632042042445391,
  "speedup": 36.291673097604594,
  "num_epochs": 158,
  "best_epoch": 133,
  "best_val_loss": 0.10349125683307647,
  "train_time_s": 457.6377511024475
}