{
  "grid": "MV_rural",
  "model": "GraphSAGE",
  "seed": 123,
  "experiment_tag": "_pi10.0",
  "metrics": {
    "mae_vm": 0.0007342954049818218,
    "mae_va": 0.09337397664785385,
    "rmse_vm": 0.0009887955384328961,
    "rmse_va": 0.1181139424443245,
    "max_ae_vm": 0.005635976791381836,
    "max_ae_va": 0.5049030780792236
  },
  "gnn_time_ms": 0.37552096182480454,
  "nr_time_ms": 10.044625028967857,
  "speedup": 26.7485068747083,
  "num_epochs": 164,
  "best_epoch": 139,
  "best_val_loss": 0.0969451861580213,
  "train_time_s": 294.73330092430115
}