{
  "grid": "MV_rural",
  "model": "GraphSAGE",
  "seed": 123,
  "experiment_tag": "_pi100.0",
  "metrics": {
    "mae_vm": 0.0007289487984962761,
    "mae_va": 0.0940408930182457,
    "rmse_vm": 0.0009820320410653949,
    "rmse_va": 0.11919442564249039,
    "max_ae_vm": 0.005684494972229004,
    "max_ae_va": 0.4935281276702881
  },
  "gnn_time_ms": 0.34366652835160494,
  "nr_time_ms": 7.793187978677452,
  "speedup": 22.67659878329567,
  "num_epochs": 183,
  "best_epoch": 158,
  "best_val_loss": 0.09715139945348104,
  "train_time_s": 282.9569351673126
}