{
  "grid": "MV_semiurb",
  "model": "GraphSAGE",
  "seed": 42,
  "experiment_tag": "_pi1000.0",
  "metrics": {
    "mae_vm": 0.0007348514627665281,
    "mae_va": 0.09262465685606003,
    "rmse_vm": 0.0009936389978975058,
    "rmse_va": 0.11474011838436127,
    "max_ae_vm": 0.007959723472595215,
    "max_ae_va": 0.45685648918151855
  },
  "gnn_time_ms": 0.4184795543551445,
  "nr_time_ms": 13.025562511757016,
  "speedup": 31.12592330067054,
  "num_epochs": 119,
  "best_epoch": 94,
  "best_val_loss": 0.19886212249596913,
  "train_time_s": 362.7747287750244
}