{
  "grid": "MV_semiurb",
  "model": "GraphSAGE",
  "seed": 42,
  "experiment_tag": "_pi100.0",
  "metrics": {
    "mae_vm": 0.0007447391399182379,
    "mae_va": 0.09163907915353775,
    "rmse_vm": 0.0010249791666865349,
    "rmse_va": 0.11365675926208496,
    "max_ae_vm": 0.007892310619354248,
    "max_ae_va": 0.4479396939277649
  },
  "gnn_time_ms": 0.36566698690876365,
  "nr_time_ms": 8.24116647709161,
  "speedup": 22.537354402047338,
  "num_epochs": 119,
  "best_epoch": 94,
  "best_val_loss": 0.1957683261235555,
  "train_time_s": 292.32745909690857
}