{
  "grid": "MV_semiurb",
  "model": "GraphSAGE",
  "seed": 456,
  "experiment_tag": "_pi1000.0",
  "metrics": {
    "mae_vm": 0.0006866927724331617,
    "mae_va": 0.0899825245141983,
    "rmse_vm": 0.0009077698923647404,
    "rmse_va": 0.11126884073019028,
    "max_ae_vm": 0.006954848766326904,
    "max_ae_va": 0.40658408403396606
  },
  "gnn_time_ms": 0.6537290755659342,
  "nr_time_ms": 16.16562547860667,
  "speedup": 24.728325667038852,
  "num_epochs": 148,
  "best_epoch": 123,
  "best_val_loss": 0.19354858875274658,
  "train_time_s": 448.0291829109192
}