{
  "grid": "MV_semiurb",
  "model": "GraphSAGE",
  "seed": 123,
  "experiment_tag": "_pi1000.0",
  "metrics": {
    "mae_vm": 0.0006946508074179292,
    "mae_va": 0.08870863169431686,
    "rmse_vm": 0.0009246358531527221,
    "rmse_va": 0.10942725837230682,
    "max_ae_vm": 0.007151365280151367,
    "max_ae_va": 0.3641197085380554
  },
  "gnn_time_ms": 0.5093750078231096,
  "nr_time_ms": 15.487062511965632,
  "speedup": 30.404048636292373,
  "num_epochs": 120,
  "best_epoch": 95,
  "best_val_loss": 0.21748957574367522,
  "train_time_s": 365.7877380847931
}