{
  "grid": "MV_semiurb",
  "model": "GraphSAGE",
  "seed": 123,
  "experiment_tag": "_pi100.0",
  "metrics": {
    "mae_vm": 0.0007088570273481309,
    "mae_va": 0.08746544271707535,
    "rmse_vm": 0.0009734112536534667,
    "rmse_va": 0.10840706527233124,
    "max_ae_vm": 0.005578815937042236,
    "max_ae_va": 0.3729979395866394
  },
  "gnn_time_ms": 0.37158356280997396,
  "nr_time_ms": 9.525062458124012,
  "speedup": 25.633702379335553,
  "num_epochs": 130,
  "best_epoch": 105,
  "best_val_loss": 0.2131732275088628,
  "train_time_s": 345.5174870491028
}