{
  "grid": "MV_semiurb",
  "model": "GraphSAGE",
  "seed": 456,
  "experiment_tag": "_pi100.0",
  "metrics": {
    "mae_vm": 0.0007166280411183834,
    "mae_va": 0.08911965042352676,
    "rmse_vm": 0.0009566386579535902,
    "rmse_va": 0.11053571850061417,
    "max_ae_vm": 0.007607936859130859,
    "max_ae_va": 0.41934114694595337
  },
  "gnn_time_ms": 0.3631875151768327,
  "nr_time_ms": 9.81091643916443,
  "speedup": 27.01336370108313,
  "num_epochs": 122,
  "best_epoch": 97,
  "best_val_loss": 0.19228022972742717,
  "train_time_s": 309.6794490814209
}