{
  "grid": "MV_semiurb",
  "model": "GraphSAGE",
  "seed": 123,
  "experiment_tag": "_pi10.0",
  "metrics": {
    "mae_vm": 0.0007094389293342829,
    "mae_va": 0.08731640130281448,
    "rmse_vm": 0.0009651490836404264,
    "rmse_va": 0.10833052545785904,
    "max_ae_vm": 0.006806313991546631,
    "max_ae_va": 0.3791692852973938
  },
  "gnn_time_ms": 0.36991701927036047,
  "nr_time_ms": 10.145062988158315,
  "speedup": 27.425239877226666,
  "num_epochs": 130,
  "best_epoch": 105,
  "best_val_loss": 0.21261859714984893,
  "train_time_s": 268.5759780406952
}