{
  "grid": "MV_urban",
  "model": "GraphSAGE",
  "seed": 42,
  "experiment_tag": "_pi100.0",
  "metrics": {
    "mae_vm": 0.0006221900111995637,
    "mae_va": 0.0662752315402031,
    "rmse_vm": 0.0007839954923838377,
    "rmse_va": 0.08271940052509308,
    "max_ae_vm": 0.003973603248596191,
    "max_ae_va": 0.28617238998413086
  },
  "gnn_time_ms": 0.3972709528170526,
  "nr_time_ms": 12.11812492692843,
  "speedup": 30.503425536145233,
  "num_epochs": 106,
  "best_epoch": 81,
  "best_val_loss": 0.039097523391246794,
  "train_time_s": 266.82657289505005
}