{
  "grid": "MV_urban",
  "model": "GraphSAGE",
  "seed": 456,
  "experiment_tag": "_pi100.0",
  "metrics": {
    "mae_vm": 0.0006135739968158305,
    "mae_va": 0.06450120359659195,
    "rmse_vm": 0.0007747704512439668,
    "rmse_va": 0.07891806215047836,
    "max_ae_vm": 0.005226254463195801,
    "max_ae_va": 0.2620127201080322
  },
  "gnn_time_ms": 0.49789599142968655,
  "nr_time_ms": 11.494249978568405,
  "speedup": 23.085644745930107,
  "num_epochs": 102,
  "best_epoch": 77,
  "best_val_loss": 0.03636246393124262,
  "train_time_s": 666.223363161087
}