{
  "grid": "MV_urban",
  "model": "GraphSAGE",
  "seed": 42,
  "experiment_tag": "_pi1000.0",
  "metrics": {
    "mae_vm": 0.0005832671304233372,
    "mae_va": 0.06927869468927383,
    "rmse_vm": 0.0007351274252869189,
    "rmse_va": 0.09082149714231491,
    "max_ae_vm": 0.003976225852966309,
    "max_ae_va": 0.354046106338501
  },
  "gnn_time_ms": 0.4052084987051785,
  "nr_time_ms": 13.90281249769032,
  "speedup": 34.31026876809345,
  "num_epochs": 135,
  "best_epoch": 110,
  "best_val_loss": 0.042490941683451335,
  "train_time_s": 416.5886631011963
}