{
  "grid": "MV_urban",
  "model": "GraphSAGE",
  "seed": 123,
  "experiment_tag": "_pi100.0",
  "metrics": {
    "mae_vm": 0.0005256873555481434,
    "mae_va": 0.056211769580841064,
    "rmse_vm": 0.0006703881663270295,
    "rmse_va": 0.07142794132232666,
    "max_ae_vm": 0.003779113292694092,
    "max_ae_va": 0.31531405448913574
  },
  "gnn_time_ms": 0.42481248965486884,
  "nr_time_ms": 16.761562961619347,
  "speedup": 39.456379861234716,
  "num_epochs": 130,
  "best_epoch": 105,
  "best_val_loss": 0.03243850213785966,
  "train_time_s": 33653.384842157364
}