{
  "grid": "MV_urban",
  "model": "GraphSAGE",
  "seed": 42,
  "experiment_tag": "_pi10.0",
  "metrics": {
    "mae_vm": 0.0006299003143794835,
    "mae_va": 0.06587555259466171,
    "rmse_vm": 0.0007968866848386824,
    "rmse_va": 0.08206000179052353,
    "max_ae_vm": 0.003950893878936768,
    "max_ae_va": 0.28751087188720703
  },
  "gnn_time_ms": 0.40208303835242987,
  "nr_time_ms": 10.744874482043087,
  "speedup": 26.72302349800962,
  "num_epochs": 103,
  "best_epoch": 78,
  "best_val_loss": 0.038858876526355744,
  "train_time_s": 261.3205749988556
}