{
  "grid": "MV_urban",
  "model": "GraphSAGE",
  "seed": 456,
  "experiment_tag": "_pi10.0",
  "metrics": {
    "mae_vm": 0.0005998616106808186,
    "mae_va": 0.06376893073320389,
    "rmse_vm": 0.0007688265177421272,
    "rmse_va": 0.07857337594032288,
    "max_ae_vm": 0.004707694053649902,
    "max_ae_va": 0.24537062644958496
  },
  "gnn_time_ms": 0.4012290155515075,
  "nr_time_ms": 10.13918750686571,
  "speedup": 25.270324712007522,
  "num_epochs": 107,
  "best_epoch": 82,
  "best_val_loss": 0.036457265963157015,
  "train_time_s": 247.45132994651794
}