{
  "grid": "MV_urban",
  "model": "GraphSAGE",
  "seed": 123,
  "experiment_tag": "_pi10.0",
  "metrics": {
    "mae_vm": 0.0005771882715635002,
    "mae_va": 0.05736478045582771,
    "rmse_vm": 0.0007542896782979369,
    "rmse_va": 0.07298427820205688,
    "max_ae_vm": 0.0041165947914123535,
    "max_ae_va": 0.32041144371032715
  },
  "gnn_time_ms": 0.4010835546068847,
  "nr_time_ms": 10.283750016242266,
  "speedup": 25.639919408617263,
  "num_epochs": 106,
  "best_epoch": 81,
  "best_val_loss": 0.036103067273894944,
  "train_time_s": 243.13431692123413
}