{
  "grid": "MV_urban",
  "model": "GraphSAGE",
  "seed": 456,
  "experiment_tag": "_pi1000.0",
  "metrics": {
    "mae_vm": 0.0006301440298557281,
    "mae_va": 0.06677158176898956,
    "rmse_vm": 0.0007951410952955484,
    "rmse_va": 0.08488893508911133,
    "max_ae_vm": 0.004442453384399414,
    "max_ae_va": 0.30638670921325684
  },
  "gnn_time_ms": 0.4957295604981482,
  "nr_time_ms": 15.738291025627404,
  "speedup": 31.747735619825306,
  "num_epochs": 91,
  "best_epoch": 66,
  "best_val_loss": 0.04105440676212311,
  "train_time_s": 300.7051739692688
}