{
  "grid": "MV_urban",
  "model": "GraphSAGE",
  "seed": 123,
  "experiment_tag": "_pi1000.0",
  "metrics": {
    "mae_vm": 0.0005825407570227981,
    "mae_va": 0.05912197381258011,
    "rmse_vm": 0.0007467112736776471,
    "rmse_va": 0.0775865688920021,
    "max_ae_vm": 0.004214584827423096,
    "max_ae_va": 0.30977964401245117
  },
  "gnn_time_ms": 0.4290415090508759,
  "nr_time_ms": 12.485812476370484,
  "speedup": 29.101642179078556,
  "num_epochs": 124,
  "best_epoch": 99,
  "best_val_loss": 0.03849594975511233,
  "train_time_s": 415.6406090259552
}