{
  "grid": "LV_rural3",
  "model": "GraphSAGE",
  "seed": 123,
  "experiment_tag": "_pe_laplacian",
  "metrics": {
    "mae_vm": 0.003926091827452183,
    "mae_va": 0.10999181121587753,
    "rmse_vm": 0.004652249161154032,
    "rmse_va": 0.14031295478343964,
    "max_ae_vm": 0.015257835388183594,
    "max_ae_va": 0.5801375508308411
  },
  "gnn_time_ms": 0.3331249754410237,
  "nr_time_ms": 7.90062450687401,
  "speedup": 23.71669820437325,
  "num_epochs": 35,
  "best_epoch": 10,
  "best_val_loss": 0.6955593776702881,
  "train_time_s": 37.791504859924316
}