{
  "grid": "LV_rural3",
  "model": "GraphSAGE",
  "seed": 456,
  "experiment_tag": "_pe_laplacian",
  "metrics": {
    "mae_vm": 0.0041772788390517235,
    "mae_va": 0.10175443440675735,
    "rmse_vm": 0.004933583550155163,
    "rmse_va": 0.1284664124250412,
    "max_ae_vm": 0.015545129776000977,
    "max_ae_va": 0.5604733824729919
  },
  "gnn_time_ms": 0.3357084933668375,
  "nr_time_ms": 8.814500004518777,
  "speedup": 26.256410483147775,
  "num_epochs": 35,
  "best_epoch": 10,
  "best_val_loss": 0.7362199258804322,
  "train_time_s": 35.48632192611694
}