{
  "grid": "LV_rural1",
  "model": "GraphSAGE",
  "seed": 456,
  "experiment_tag": "_pe_random_walk",
  "metrics": {
    "mae_vm": 0.0006472974782809615,
    "mae_va": 0.0780944675207138,
    "rmse_vm": 0.000869914423674345,
    "rmse_va": 0.10580256581306458,
    "max_ae_vm": 0.0038764476776123047,
    "max_ae_va": 0.4782436490058899
  },
  "gnn_time_ms": 0.21639547776430845,
  "nr_time_ms": 6.674896023469046,
  "speedup": 30.84582031210072,
  "num_epochs": 188,
  "best_epoch": 163,
  "best_val_loss": 0.0946596297621727,
  "train_time_s": 34.82004404067993
}