{
  "grid": "LV_urban6",
  "model": "GraphSAGE",
  "seed": 123,
  "experiment_tag": "_pe_distance_from_slack",
  "metrics": {
    "mae_vm": 0.0006251428858377039,
    "mae_va": 0.04391315206885338,
    "rmse_vm": 0.0007930731517262757,
    "rmse_va": 0.055131394416093826,
    "max_ae_vm": 0.0038156509399414062,
    "max_ae_va": 0.19645965099334717
  },
  "gnn_time_ms": 0.26639600400812924,
  "nr_time_ms": 7.370937993982807,
  "speedup": 27.669101199272788,
  "num_epochs": 75,
  "best_epoch": 50,
  "best_val_loss": 0.027967471927404404,
  "train_time_s": 31.413025856018066
}