{
  "grid": "MV_comm",
  "model": "GraphSAGE",
  "seed": 123,
  "experiment_tag": "_pe_laplacian",
  "metrics": {
    "mae_vm": 0.001304174424149096,
    "mae_va": 0.10992464423179626,
    "rmse_vm": 0.0016340467846021056,
    "rmse_va": 0.13807141780853271,
    "max_ae_vm": 0.006353318691253662,
    "max_ae_va": 0.6406959295272827
  },
  "gnn_time_ms": 0.3299789968878031,
  "nr_time_ms": 8.717791497474536,
  "speedup": 26.419231465324724,
  "num_epochs": 41,
  "best_epoch": 16,
  "best_val_loss": 0.18434810101985932,
  "train_time_s": 36.30519223213196
}