{
  "grid": "LV_semiurb5",
  "model": "ResidualGraphSAGE",
  "seed": 42,
  "experiment_tag": "_combined",
  "metrics": {
    "mae_vm": 0.0006066735950298607,
    "mae_va": 0.02005714550614357,
    "rmse_vm": 0.0007771001546643674,
    "rmse_va": 0.02557309716939926,
    "max_ae_vm": 0.006453037261962891,
    "max_ae_va": 0.13255977630615234
  },
  "gnn_time_ms": 2.0279790041968226,
  "nr_time_ms": 11.217479011975229,
  "speedup": 5.531358553890892,
  "num_epochs": 200,
  "best_epoch": 178,
  "best_val_loss": 0.01623665658136209,
  "train_time_s": 1212.2554330825806
}