{
  "grid": "LV_semiurb5",
  "model": "ResidualGraphSAGE",
  "seed": 123,
  "experiment_tag": "_combined",
  "metrics": {
    "mae_vm": 0.0006377631798386574,
    "mae_va": 0.02403256483376026,
    "rmse_vm": 0.0008143354789353907,
    "rmse_va": 0.03069859929382801,
    "max_ae_vm": 0.0063263773918151855,
    "max_ae_va": 0.15455174446105957
  },
  "gnn_time_ms": 1.4783124788664281,
  "nr_time_ms": 9.011208487208933,
  "speedup": 6.095604695239222,
  "num_epochs": 200,
  "best_epoch": 188,
  "best_val_loss": 0.018662581294775007,
  "train_time_s": 571.3329861164093
}