{
  "grid": "MV_rural",
  "model": "GraphSAGE",
  "seed": 42,
  "experiment_tag": "_virtual",
  "metrics": {
    "mae_vm": 0.0006689534639008343,
    "mae_va": 0.027188070118427277,
    "rmse_vm": 0.0008904521237127483,
    "rmse_va": 0.03600791469216347,
    "max_ae_vm": 0.005392670631408691,
    "max_ae_va": 0.17136883735656738
  },
  "gnn_time_ms": 0.3656875342130661,
  "nr_time_ms": 7.711249985732138,
  "speedup": 21.086991664417017,
  "num_epochs": 200,
  "best_epoch": 186,
  "best_val_loss": 0.016900898317495982,
  "train_time_s": 169.10612201690674
}