{
  "grid": "LV_rural2",
  "model": "GraphSAGE",
  "seed": 456,
  "experiment_tag": "",
  "metrics": {
    "mae_vm": 0.0013143810210749507,
    "mae_va": 0.11130901426076889,
    "rmse_vm": 0.0018316449131816626,
    "rmse_va": 0.13786500692367554,
    "max_ae_vm": 0.01769942045211792,
    "max_ae_va": 0.5350211262702942
  },
  "gnn_time_ms": 0.30518751009367406,
  "nr_time_ms": 8.157874981407076,
  "speedup": 26.730697396178183,
  "num_epochs": 197,
  "best_epoch": 172,
  "best_val_loss": 0.24029473861058553,
  "train_time_s": 152.48573327064514
}