{
  "grid": "LV_rural3",
  "model": "GraphSAGE",
  "seed": 42,
  "experiment_tag": "",
  "metrics": {
    "mae_vm": 0.0011507875751703978,
    "mae_va": 0.07785052806138992,
    "rmse_vm": 0.0015527536161243916,
    "rmse_va": 0.09691864252090454,
    "max_ae_vm": 0.011478424072265625,
    "max_ae_va": 0.35202014446258545
  },
  "gnn_time_ms": 0.3395414969418198,
  "nr_time_ms": 8.71589599410072,
  "speedup": 25.66960466571243,
  "num_epochs": 157,
  "best_epoch": 132,
  "best_val_loss": 0.1858397779862086,
  "train_time_s": 163.80066871643066
}