{
  "grid": "LV_rural1",
  "model": "GraphSAGE",
  "seed": 456,
  "experiment_tag": "",
  "metrics": {
    "mae_vm": 0.0006568977842107415,
    "mae_va": 0.08175895363092422,
    "rmse_vm": 0.0008821472292765975,
    "rmse_va": 0.10925611853599548,
    "max_ae_vm": 0.0041158199310302734,
    "max_ae_va": 0.496442973613739
  },
  "gnn_time_ms": 0.2205829950980842,
  "nr_time_ms": 7.339000003412366,
  "speedup": 33.27092371807271,
  "num_epochs": 153,
  "best_epoch": 128,
  "best_val_loss": 0.09680128355820973,
  "train_time_s": 33.690298080444336
}