{
  "grid": "LV_rural1",
  "model": "GraphSAGE",
  "seed": 123,
  "experiment_tag": "",
  "metrics": {
    "mae_vm": 0.0006888358038850129,
    "mae_va": 0.08518469333648682,
    "rmse_vm": 0.0009171927813440561,
    "rmse_va": 0.11487247049808502,
    "max_ae_vm": 0.0034714937210083008,
    "max_ae_va": 0.43642354011535645
  },
  "gnn_time_ms": 0.21904101595282555,
  "nr_time_ms": 7.425000017974526,
  "speedup": 33.897761045692164,
  "num_epochs": 130,
  "best_epoch": 105,
  "best_val_loss": 0.10555020223061244,
  "train_time_s": 27.831806898117065
}