{
  "grid": "LV_rural2",
  "model": "GraphSAGE",
  "seed": 123,
  "experiment_tag": "",
  "metrics": {
    "mae_vm": 0.0013774936087429523,
    "mae_va": 0.11821697652339935,
    "rmse_vm": 0.0019154322799295187,
    "rmse_va": 0.15059714019298553,
    "max_ae_vm": 0.017687857151031494,
    "max_ae_va": 0.633290708065033
  },
  "gnn_time_ms": 0.3005210019182414,
  "nr_time_ms": 7.919688010588288,
  "speedup": 26.353193154676386,
  "num_epochs": 200,
  "best_epoch": 187,
  "best_val_loss": 0.2929255211353302,
  "train_time_s": 155.04623222351074
}