{
  "grid": "LV_rural3",
  "model": "GraphSAGE",
  "seed": 123,
  "experiment_tag": "",
  "metrics": {
    "mae_vm": 0.0010977081255987287,
    "mae_va": 0.07776983082294464,
    "rmse_vm": 0.0014881324023008347,
    "rmse_va": 0.09772662818431854,
    "max_ae_vm": 0.009642601013183594,
    "max_ae_va": 0.36264175176620483
  },
  "gnn_time_ms": 0.34314600634388626,
  "nr_time_ms": 8.188103995053098,
  "speedup": 23.861865922016094,
  "num_epochs": 189,
  "best_epoch": 164,
  "best_val_loss": 0.20016148090362548,
  "train_time_s": 190.98287510871887
}