{
  "grid": "LV_rural2",
  "model": "GraphSAGE",
  "seed": 42,
  "experiment_tag": "",
  "metrics": {
    "mae_vm": 0.0014230215456336737,
    "mae_va": 0.12100321054458618,
    "rmse_vm": 0.0019879185128957033,
    "rmse_va": 0.15146547555923462,
    "max_ae_vm": 0.016337156295776367,
    "max_ae_va": 0.5392795205116272
  },
  "gnn_time_ms": 0.2989369968418032,
  "nr_time_ms": 7.908832980319858,
  "speedup": 26.45652115286752,
  "num_epochs": 192,
  "best_epoch": 167,
  "best_val_loss": 0.2732610468069712,
  "train_time_s": 164.48382377624512
}