{
  "grid": "LV_rural3",
  "model": "GraphSAGE",
  "seed": 456,
  "experiment_tag": "",
  "metrics": {
    "mae_vm": 0.0010835177963599563,
    "mae_va": 0.07686159759759903,
    "rmse_vm": 0.0014689452946186066,
    "rmse_va": 0.09653615206480026,
    "max_ae_vm": 0.010138452053070068,
    "max_ae_va": 0.39486998319625854
  },
  "gnn_time_ms": 0.3412080113776028,
  "nr_time_ms": 7.673999964026734,
  "speedup": 22.490679316243224,
  "num_epochs": 172,
  "best_epoch": 147,
  "best_val_loss": 0.1777465945482254,
  "train_time_s": 185.83872604370117
}