{
  "grid": "LV_rural1",
  "model": "GraphSAGE",
  "seed": 42,
  "experiment_tag": "",
  "metrics": {
    "mae_vm": 0.0007496703765355051,
    "mae_va": 0.09377109259366989,
    "rmse_vm": 0.0009393211221322417,
    "rmse_va": 0.11813735961914062,
    "max_ae_vm": 0.0027267932891845703,
    "max_ae_va": 0.36039698123931885
  },
  "gnn_time_ms": 0.22154152975417674,
  "nr_time_ms": 7.720666995737702,
  "speedup": 34.84975031229847,
  "num_epochs": 200,
  "best_epoch": 186,
  "best_val_loss": 0.1838708221912384,
  "train_time_s": 5.1880199909210205
}