{
  "grid": "LV_semiurb4",
  "model": "GraphSAGE",
  "seed": 42,
  "experiment_tag": "",
  "metrics": {
    "mae_vm": 0.0009670368162915111,
    "mae_va": 0.05042316019535065,
    "rmse_vm": 0.0012424560263752937,
    "rmse_va": 0.06232886388897896,
    "max_ae_vm": 0.00739520788192749,
    "max_ae_va": 0.20937252044677734
  },
  "gnn_time_ms": 0.24654148728586733,
  "nr_time_ms": 7.03285401687026,
  "speedup": 28.526046850344482,
  "num_epochs": 78,
  "best_epoch": 53,
  "best_val_loss": 0.03373708854118983,
  "train_time_s": 29.782416820526123
}