{
  "grid": "LV_semiurb5",
  "model": "GraphSAGE",
  "seed": 456,
  "experiment_tag": "",
  "metrics": {
    "mae_vm": 0.0011310073314234614,
    "mae_va": 0.06873155385255814,
    "rmse_vm": 0.0015871069626882672,
    "rmse_va": 0.08615981042385101,
    "max_ae_vm": 0.014639079570770264,
    "max_ae_va": 0.41126376390457153
  },
  "gnn_time_ms": 0.30939598218537867,
  "nr_time_ms": 7.341146003454924,
  "speedup": 23.72734756153485,
  "num_epochs": 182,
  "best_epoch": 157,
  "best_val_loss": 0.1177372435728709,
  "train_time_s": 150.61182379722595
}