{
  "grid": "LV_semiurb4",
  "model": "GraphSAGE",
  "seed": 123,
  "experiment_tag": "",
  "metrics": {
    "mae_vm": 0.0009072332759387791,
    "mae_va": 0.05340810492634773,
    "rmse_vm": 0.001163890934549272,
    "rmse_va": 0.06569381803274155,
    "max_ae_vm": 0.00822979211807251,
    "max_ae_va": 0.18500173091888428
  },
  "gnn_time_ms": 0.24416649830527604,
  "nr_time_ms": 7.307688007131219,
  "speedup": 29.92911827729362,
  "num_epochs": 91,
  "best_epoch": 66,
  "best_val_loss": 0.033855779270331066,
  "train_time_s": 37.74763894081116
}