{
  "grid": "LV_semiurb4",
  "model": "GraphSAGE",
  "seed": 456,
  "experiment_tag": "",
  "metrics": {
    "mae_vm": 0.0009809964103624225,
    "mae_va": 0.05234735831618309,
    "rmse_vm": 0.0012574497377499938,
    "rmse_va": 0.06553608924150467,
    "max_ae_vm": 0.01074141263961792,
    "max_ae_va": 0.19471418857574463
  },
  "gnn_time_ms": 0.24847901659086347,
  "nr_time_ms": 7.210750016383827,
  "speedup": 29.01955310076257,
  "num_epochs": 95,
  "best_epoch": 70,
  "best_val_loss": 0.040396229475736616,
  "train_time_s": 36.95745396614075
}