{
  "grid": "LV_semiurb5",
  "model": "GraphSAGE",
  "seed": 42,
  "experiment_tag": "",
  "metrics": {
    "mae_vm": 0.0011514902580529451,
    "mae_va": 0.06936696916818619,
    "rmse_vm": 0.0016104592941701412,
    "rmse_va": 0.08671829849481583,
    "max_ae_vm": 0.014595210552215576,
    "max_ae_va": 0.3805001378059387
  },
  "gnn_time_ms": 0.32225000904873013,
  "nr_time_ms": 8.223312499467283,
  "speedup": 25.518424417557632,
  "num_epochs": 180,
  "best_epoch": 155,
  "best_val_loss": 0.13011285682519277,
  "train_time_s": 160.31975507736206
}