{
  "grid": "LV_urban6",
  "model": "GraphSAGE",
  "seed": 42,
  "experiment_tag": "",
  "metrics": {
    "mae_vm": 0.000698446820024401,
    "mae_va": 0.04812786728143692,
    "rmse_vm": 0.0009098195587284863,
    "rmse_va": 0.0605691522359848,
    "max_ae_vm": 0.004323780536651611,
    "max_ae_va": 0.1944103240966797
  },
  "gnn_time_ms": 0.26454150793142617,
  "nr_time_ms": 8.012187521671876,
  "speedup": 30.287071334562654,
  "num_epochs": 76,
  "best_epoch": 51,
  "best_val_loss": 0.02755951590836048,
  "train_time_s": 38.73709678649902
}