{
  "grid": "LV_urban6",
  "model": "GraphSAGE",
  "seed": 456,
  "experiment_tag": "",
  "metrics": {
    "mae_vm": 0.0006775231449864805,
    "mae_va": 0.047882094979286194,
    "rmse_vm": 0.0008830297156237066,
    "rmse_va": 0.06031101197004318,
    "max_ae_vm": 0.004224538803100586,
    "max_ae_va": 0.2190607786178589
  },
  "gnn_time_ms": 0.2659164892975241,
  "nr_time_ms": 7.489000505302101,
  "speedup": 28.16297900549874,
  "num_epochs": 90,
  "best_epoch": 65,
  "best_val_loss": 0.03043742872774601,
  "train_time_s": 45.20848488807678
}