{
  "grid": "LV_urban6",
  "model": "GraphSAGE",
  "seed": 123,
  "experiment_tag": "",
  "metrics": {
    "mae_vm": 0.0006700049852952361,
    "mae_va": 0.0453932099044323,
    "rmse_vm": 0.0008749899570830166,
    "rmse_va": 0.058435726910829544,
    "max_ae_vm": 0.004482626914978027,
    "max_ae_va": 0.20181989669799805
  },
  "gnn_time_ms": 0.26889549917541444,
  "nr_time_ms": 8.019313012482598,
  "speedup": 29.823158204857812,
  "num_epochs": 78,
  "best_epoch": 53,
  "best_val_loss": 0.0313987664381663,
  "train_time_s": 39.409465074539185
}