{
  "grid": "MV_comm",
  "model": "GraphSAGE",
  "seed": 456,
  "experiment_tag": "",
  "metrics": {
    "mae_vm": 0.0007066365797072649,
    "mae_va": 0.09536606073379517,
    "rmse_vm": 0.0009106200886890292,
    "rmse_va": 0.1208549216389656,
    "max_ae_vm": 0.004474520683288574,
    "max_ae_va": 0.38013267517089844
  },
  "gnn_time_ms": 0.32654200913384557,
  "nr_time_ms": 8.1310210225638,
  "speedup": 24.90038278422852,
  "num_epochs": 96,
  "best_epoch": 71,
  "best_val_loss": 0.09880474090576172,
  "train_time_s": 78.20095014572144
}