{
  "grid": "MV_comm",
  "model": "GraphSAGE",
  "seed": 42,
  "experiment_tag": "",
  "metrics": {
    "mae_vm": 0.0007854313007555902,
    "mae_va": 0.09562867134809494,
    "rmse_vm": 0.0010021398775279522,
    "rmse_va": 0.121863454580307,
    "max_ae_vm": 0.0046988725662231445,
    "max_ae_va": 0.4284677505493164
  },
  "gnn_time_ms": 0.32643802114762366,
  "nr_time_ms": 8.306958508910611,
  "speedup": 25.44727626918799,
  "num_epochs": 67,
  "best_epoch": 42,
  "best_val_loss": 0.10338550279537836,
  "train_time_s": 56.90962481498718
}