{
  "grid": "MV_comm",
  "model": "GraphSAGE",
  "seed": 123,
  "experiment_tag": "",
  "metrics": {
    "mae_vm": 0.0007451547426171601,
    "mae_va": 0.10140540450811386,
    "rmse_vm": 0.0009525332716293633,
    "rmse_va": 0.12372252345085144,
    "max_ae_vm": 0.005052149295806885,
    "max_ae_va": 0.3838212490081787
  },
  "gnn_time_ms": 0.31912504346109927,
  "nr_time_ms": 7.957686990266666,
  "speedup": 24.935952703557383,
  "num_epochs": 88,
  "best_epoch": 63,
  "best_val_loss": 0.10244382212559382,
  "train_time_s": 69.91704320907593
}