{
  "grid": "MV_rural",
  "model": "GraphSAGE",
  "seed": 42,
  "experiment_tag": "",
  "metrics": {
    "mae_vm": 0.0007722142618149519,
    "mae_va": 0.09809573739767075,
    "rmse_vm": 0.001031057327054441,
    "rmse_va": 0.12138278782367706,
    "max_ae_vm": 0.005514740943908691,
    "max_ae_va": 0.44355738162994385
  },
  "gnn_time_ms": 0.3136460145469755,
  "nr_time_ms": 7.8350834955926985,
  "speedup": 24.980656957843216,
  "num_epochs": 128,
  "best_epoch": 103,
  "best_val_loss": 0.09681929965813954,
  "train_time_s": 84.27637600898743
}