{
  "grid": "MV_rural",
  "model": "GraphSAGE",
  "seed": 123,
  "experiment_tag": "",
  "metrics": {
    "mae_vm": 0.0007438669563271105,
    "mae_va": 0.09421791136264801,
    "rmse_vm": 0.0010025632800534368,
    "rmse_va": 0.11934033036231995,
    "max_ae_vm": 0.0057364702224731445,
    "max_ae_va": 0.4899662733078003
  },
  "gnn_time_ms": 0.3138129832223058,
  "nr_time_ms": 7.648667000466958,
  "speedup": 24.373328732064046,
  "num_epochs": 138,
  "best_epoch": 113,
  "best_val_loss": 0.09805892179409663,
  "train_time_s": 93.84255886077881
}