{
  "grid": "MV_semiurb",
  "model": "GraphSAGE",
  "seed": 123,
  "experiment_tag": "",
  "metrics": {
    "mae_vm": 0.0007133161998353899,
    "mae_va": 0.08727144449949265,
    "rmse_vm": 0.0009748292504809797,
    "rmse_va": 0.1083025261759758,
    "max_ae_vm": 0.006789267063140869,
    "max_ae_va": 0.37838414311408997
  },
  "gnn_time_ms": 0.3352290077600628,
  "nr_time_ms": 8.156521013006568,
  "speedup": 24.331190989428116,
  "num_epochs": 130,
  "best_epoch": 105,
  "best_val_loss": 0.21283057709534964,
  "train_time_s": 112.7228569984436
}