{
  "grid": "MV_semiurb",
  "model": "GraphSAGE",
  "seed": 456,
  "experiment_tag": "",
  "metrics": {
    "mae_vm": 0.0007035928429104388,
    "mae_va": 0.08904260396957397,
    "rmse_vm": 0.0009546350338496268,
    "rmse_va": 0.1101190373301506,
    "max_ae_vm": 0.006803691387176514,
    "max_ae_va": 0.4143803119659424
  },
  "gnn_time_ms": 0.3279999946244061,
  "nr_time_ms": 7.612124987645075,
  "speedup": 23.20769851341536,
  "num_epochs": 143,
  "best_epoch": 118,
  "best_val_loss": 0.19136954665184022,
  "train_time_s": 109.20857214927673
}