{
  "grid": "MV_urban",
  "model": "GraphSAGE",
  "seed": 456,
  "experiment_tag": "",
  "metrics": {
    "mae_vm": 0.0005842302925884724,
    "mae_va": 0.06290298700332642,
    "rmse_vm": 0.0007423043716698885,
    "rmse_va": 0.07710998505353928,
    "max_ae_vm": 0.0043904781341552734,
    "max_ae_va": 0.24558782577514648
  },
  "gnn_time_ms": 0.3700625093188137,
  "nr_time_ms": 10.390562005341053,
  "speedup": 28.077856426113808,
  "num_epochs": 107,
  "best_epoch": 82,
  "best_val_loss": 0.03467312718431155,
  "train_time_s": 136.6229829788208
}