{
  "grid": "MV_urban",
  "model": "GraphSAGE",
  "seed": 123,
  "experiment_tag": "",
  "metrics": {
    "mae_vm": 0.0005733647267334163,
    "mae_va": 0.05698302015662193,
    "rmse_vm": 0.0007471652352251112,
    "rmse_va": 0.07233928889036179,
    "max_ae_vm": 0.00404590368270874,
    "max_ae_va": 0.32361865043640137
  },
  "gnn_time_ms": 0.4389375098980963,
  "nr_time_ms": 10.800562507938594,
  "speedup": 24.60615068064256,
  "num_epochs": 106,
  "best_epoch": 81,
  "best_val_loss": 0.035543513248364134,
  "train_time_s": 9154.271238327026
}