{
  "grid": "MV_urban",
  "model": "GraphSAGE",
  "seed": 42,
  "experiment_tag": "",
  "metrics": {
    "mae_vm": 0.0006327536539174616,
    "mae_va": 0.06589723378419876,
    "rmse_vm": 0.000803084229119122,
    "rmse_va": 0.08208264410495758,
    "max_ae_vm": 0.003907620906829834,
    "max_ae_va": 0.2891967296600342
  },
  "gnn_time_ms": 0.36897900281473994,
  "nr_time_ms": 8.336895989486948,
  "speedup": 22.59449975713877,
  "num_epochs": 103,
  "best_epoch": 78,
  "best_val_loss": 0.03908971453706423,
  "train_time_s": 105.71339583396912
}